score,train_excess,test_excess,train_cagr,test_cagr,test_mdd,bench_mdd,sharpe,calmar,turnover,holdings,gap,rs_threshold,vol_contract_max,base_tight_max,adtv_min_m,rs_accel_min,price_vs_ma50_min,pct_from_52w_high_min,vol_trend_min,liquidity_power,cap_pct,bear_exposure
1.3556358603559742,0.059132986009590605,0.335065153132424,0.329925952236374,0.49187259594839805,-0.14526237752508792,-0.2611418577155121,1.4631735104922634,3.386097655350904,1.4675978009900676,10.24074074074074,-0.2759321671228334,75,1.1,1.0,25,-99.0,-99.0,-20.0,1.0,2.5,0.18,0.25
1.2889993108253492,0.005809248222654162,0.31576035721127993,0.27660221444943756,0.47256780002725396,-0.12514832859187291,-0.2611418577155121,1.552934080098985,3.776061616998234,1.4685268302687913,6.37037037037037,-0.30995110898862577,80,1.0,1.0,25,-99.0,-99.0,-20.0,1.0,1.5,0.25,0.3
0.899290788309693,0.04416955181390447,0.31534434486741425,0.31496251804068787,0.4721517876833883,-0.34433772565965387,-0.2611418577155121,1.0491782403437466,1.3711880880286316,1.4970306079668136,30.444444444444443,-0.2711747930535098,60,1.1,1.0,25,0.0,-99.0,-20.0,0.85,3.0,0.15,0.3
0.8857109892717583,-0.16292148569213882,0.2595662156442047,0.10787148053464457,0.4163736584601787,-0.18206776023291285,-0.2611418577155121,1.3435447223888086,2.2869159148633815,1.3394617772104043,4.407407407407407,-0.4224877013363435,80,1.0,0.95,25,-99.0,-99.0,-30.0,1.0,2.5,0.18,0.4
0.8792575672975861,-0.020842675584407555,0.19167131997067743,0.24995029064237584,0.34847876278665146,-0.14694093794046378,-0.2611418577155121,1.4698815707030235,2.3715566789688314,1.366181674605168,6.314814814814815,-0.212513995555085,75,1.1,0.95,10,-99.0,-99.0,-20.0,1.0,1.5,0.25,0.3
0.8661222344762922,-0.09681344769204525,0.31464023099128946,0.17397951853473814,0.4714476738072635,-0.26595057860857935,-0.2611418577155121,1.045557378405819,1.772689032202222,1.647154194074354,9.722222222222221,-0.4114536786833347,80,0.85,1.1,15,0.0,-99.0,-20.0,0.85,3.0,0.25,0.4
0.8192887162002892,-0.0034758169256992044,0.2304656665162037,0.2673171493010842,0.38727310933217773,-0.11265107583151973,-0.2611418577155121,1.1349322741492551,3.4378110148844123,1.4536620116575005,19.296296296296298,-0.2339414834419029,75,1.0,1.1,25,-99.0,-99.0,-20.0,0.95,1.5,0.15,0.25
0.8076165137664099,-0.08705083919449685,0.22394657491648728,0.18374212703228654,0.3807540177324613,-0.17049377089823411,-0.2611418577155121,1.2531927817319257,2.233242984341811,1.34589587551506,4.685185185185185,-0.31099741411098414,70,1.0,0.95,15,0.0,-99.0,-20.0,1.0,3.0,0.12,0.4
0.7827673931843993,0.04224279927067576,0.2958923776239437,0.31303576549745915,0.45269982043991774,-0.3450772746146495,-0.2611418577155121,0.9647590086308352,1.3118795520378768,1.5388706982508351,18.037037037037038,-0.25364957835326796,80,1.1,1.0,25,-99.0,-99.0,-20.0,0.9,3.0,0.12,0.4
0.7721050315899896,-0.06316834485034284,0.19778877042848442,0.20762462137644055,0.35459621324445845,-0.18002247781157102,-0.2611418577155121,1.367657557036629,1.9697329886527462,1.4730723778781172,14.055555555555555,-0.26095711527882726,80,1.0,1.0,15,0.0,-99.0,-30.0,0.85,1.0,0.2,0.3
0.75408870222669,0.027923244193939878,0.2690207078959923,0.29871621042072327,0.42582815071196634,-0.3422258231070518,-0.2611418577155121,1.0555086865904149,1.2442899452937042,1.4882769272245164,30.61111111111111,-0.24109746370205243,60,1.1,1.0,10,0.0,-99.0,-20.0,0.85,2.5,0.15,0.3
0.7438611557059585,-0.006209467846265859,0.30360694994307313,0.26458349838051753,0.46041439275904716,-0.3721901955557261,-0.2611418577155121,1.0654795315318397,1.2370406266924667,1.5713110545416233,24.51851851851852,-0.309816417789339,80,1.1,1.0,10,-99.0,-99.0,-30.0,0.85,3.0,0.15,0.5
0.7276910523277194,0.044006752205393296,0.19241654759687798,0.3147997184321767,0.349223990412852,-0.1658617019534994,-0.2611418577155121,1.1539281444843839,2.10551312508996,1.5684313830349996,16.814814814814813,-0.1484097953914847,60,1.1,1.0,25,-99.0,-99.0,-30.0,1.0,3.0,0.25,0.4
0.6956126953949002,0.10832999294079793,0.17637485799647457,0.3791229591675813,0.3331823008124486,-0.1945039156222137,-0.2611418577155121,1.1004765033403492,1.7129850560931168,1.640267077351653,10.685185185185185,-0.06804486505567664,75,0.95,1.1,25,-99.0,-99.0,-99.0,1.0,3.0,0.25,0.5
0.6877779792282377,-0.0021831257867617193,0.18654487936924125,0.2686098404400217,0.3433523221852153,-0.10039009696775629,-0.2611418577155121,1.1042679150652381,3.420181198704237,1.4060249687511444,8.166666666666666,-0.18872800515600296,75,0.95,0.95,25,-99.0,-99.0,-20.0,0.95,1.0,0.18,0.25
0.6671960708096223,0.0157059234906074,0.16950319858617147,0.2864988897173908,0.3263106414021455,-0.21871759060674303,-0.2611418577155121,1.1805634007907622,1.4919268290078054,1.4910038294496017,33.75925925925926,-0.15379727509556407,65,1.0,1.0,10,0.0,-99.0,-30.0,0.0,1.5,0.12,0.4
0.6650152299790505,0.1859161204599018,0.18639687070652222,0.4567090866866852,0.34320431352249625,-0.32509872903557285,-0.2611418577155121,1.030279702723835,1.0556925723475905,1.5577253710740468,38.51851851851852,-0.00048075024662042054,65,1.1,1.0,25,0.0,-99.0,-30.0,0.0,3.0,0.25,0.5
0.64815976459212,0.010188680930321992,0.16406413577216217,0.2809816471571054,0.3208715785881362,-0.21663446974267894,-0.2611418577155121,1.146349538188796,1.4811658503343044,1.4246536424969554,36.333333333333336,-0.15387545484184018,70,1.0,1.1,25,0.0,-99.0,-20.0,0.0,1.5,0.18,0.4
0.6376775082372406,0.022043266357614,0.22470127452787203,0.2928362325843974,0.38150871734384606,-0.29012759340149913,-0.2611418577155121,0.8866056221895156,1.3149687448580158,1.4793364047559108,7.203703703703703,-0.20265800817025803,80,1.0,1.0,10,0.0,-99.0,-20.0,0.95,2.0,0.25,0.4
0.6012911307653928,-0.002374318633626027,0.2017839471144196,0.26841864759315737,0.35859138993039363,-0.22595808110500434,-0.2611418577155121,0.928259799759173,1.5869819223847703,1.5527209727460884,9.11111111111111,-0.20415826574804563,75,1.0,1.0,15,0.0,-99.0,-30.0,0.95,1.5,0.2,0.4
0.5775617630509611,-0.029874774899680823,0.1534088147901118,0.24091819132710257,0.31021625760608584,-0.2600545636342182,-0.2611418577155121,1.1886664090269423,1.1928891124649632,1.4904103697772153,16.35185185185185,-0.18328358968979264,80,1.1,1.0,25,0.0,-99.0,-99.0,0.85,1.0,0.2,0.4
0.5729453235020638,-0.07849855748069112,0.25518352633744357,0.19229440874609227,0.4119909691534176,-0.32822540301804126,-0.2611418577155121,0.9314232639769766,1.2552074439246619,1.4855041313766866,13.907407407407407,-0.3336820838181347,75,1.1,0.95,15,0.0,-99.0,-99.0,0.85,3.0,0.18,0.4
0.5716991051535023,-0.19187796629183973,0.17220342946363276,0.07891499993494366,0.3290108722796068,-0.20308287189604268,-0.2611418577155121,1.2428758338568069,1.6200818375664205,1.248237112913199,3.8333333333333335,-0.3640813957554725,80,0.95,0.95,25,-99.0,-99.0,-30.0,1.0,3.0,0.12,0.25
0.5659442349546603,0.09286999864885281,0.17828413809863708,0.3636629648756362,0.3350915809146111,-0.2650806579434395,-0.2611418577155121,0.8067516022799006,1.2641117745607449,1.524254595580665,11.407407407407407,-0.08541413944978427,75,0.95,1.0,25,-99.0,-99.0,-99.0,0.95,2.5,0.15,0.25
0.5610528667811281,0.009293857100079572,0.13267497298614628,0.28008682332686297,0.2894824158021203,-0.22109145537644334,-0.2611418577155121,1.1903815976124692,1.3093333494468635,1.4715223602787495,23.037037037037038,-0.1233811158860667,75,1.1,1.0,25,-99.0,-99.0,-30.0,0.9,1.0,0.2,0.4
0.5606746806100806,7.116941519980102e-05,0.13948425186514757,0.2708641356419832,0.2962916946811216,-0.22992804169899503,-0.2611418577155121,1.1557990143712482,1.288627922421942,1.45249583862062,18.35185185185185,-0.13941308244994777,80,1.1,1.0,10,-99.0,-99.0,-30.0,0.9,1.0,0.2,0.3
0.5255405753197334,-0.1234843596910058,0.2276306917602755,0.1473086065357776,0.38443813457624954,-0.3003689280654387,-0.2611418577155121,0.9154440523912193,1.2798864950921136,1.3771167525528127,11.296296296296296,-0.3511150514512813,80,1.1,0.95,10,0.0,-99.0,-20.0,0.85,3.0,0.15,0.25
0.525207206594803,-0.001248420108631576,0.1392081800645355,0.2695445461181518,0.29601562288050953,-0.1945570591362017,-0.2611418577155121,1.1010935096104315,1.5214848754127226,1.4723855609846257,7.333333333333333,-0.14045660017316708,75,1.1,1.0,15,0.0,-99.0,-99.0,1.0,2.5,0.15,0.25
0.5194373836173147,0.06799209328453415,0.13052130352724345,0.33878505951131754,0.2873287463432175,-0.2048764886055874,-0.2611418577155121,1.0363037528476642,1.4024486084216372,1.5275683222426062,26.814814814814813,-0.0625292102427093,75,0.95,1.1,15,0.0,-99.0,-30.0,0.0,1.5,0.15,0.5
0.5160516451849451,-0.05061828298689863,0.18346276426939112,0.22017468323988476,0.34027020708536515,-0.16026990946961384,-0.2611418577155121,0.9176061881353378,2.123107252081391,1.4750715290133285,9.833333333333334,-0.23408104725628975,75,0.85,1.1,15,-99.0,-99.0,-99.0,0.95,1.5,0.25,0.25
0.5096308182342111,-0.05774316816243297,0.12032612303405599,0.21304979806435043,0.27713356585003,-0.19005885826680932,-0.2611418577155121,1.2532527371679871,1.45814601001645,1.4007691709650583,6.685185185185185,-0.17806929119648895,60,1.1,0.95,15,0.0,-99.0,-99.0,1.0,2.0,0.18,0.4
0.4944089450264447,-0.022204512143259914,0.12325996442738552,0.24858845408352348,0.28006740724335955,-0.19133171619436082,-0.2611418577155121,1.1701784102017165,1.4637793085954354,1.4608521373777006,25.962962962962962,-0.14546447657064543,70,0.95,1.0,10,0.0,-99.0,-20.0,0.0,1.0,0.25,0.25
0.4915400236021911,-0.16727426005428403,0.1289834055833441,0.10351870617249936,0.2857908483993181,-0.16710572972673293,-0.2611418577155121,1.2310794918577184,1.7102396720128645,1.1455855967413877,2.0,-0.2962576656376281,80,0.85,0.95,10,0.0,-99.0,-20.0,1.0,2.0,0.25,0.4
0.48821298124649587,0.010832854854721852,0.13785896378185614,0.28162582108150525,0.29466640659783017,-0.2633616592272237,-0.2611418577155121,1.0107197257801086,1.1188660014615008,1.4570567494014184,33.77777777777778,-0.12702610892713428,60,0.95,1.0,15,0.0,-99.0,-99.0,0.0,1.5,0.18,0.25
0.4863686826500842,0.03398175993242991,0.17579133604720432,0.3047747261592133,0.33259877886317835,-0.3242089242964177,-0.2611418577155121,0.9691111460303764,1.0258779260471251,1.4446950842577861,23.074074074074073,-0.1418095761147744,80,1.1,1.0,25,0.0,-99.0,-99.0,0.0,2.0,0.2,0.25
0.4645672777401229,0.04262320292414423,0.14749337187573452,0.3134161691509276,0.30430081469170855,-0.28699553144882095,-0.2611418577155121,0.9418715864425958,1.0602980929895545,1.4658816218863504,26.296296296296298,-0.10487016895159029,70,0.95,1.0,25,0.0,-99.0,-99.0,0.0,2.0,0.15,0.25
0.45109412215301664,-0.04166969923449981,0.14734388615006755,0.22912326699228358,0.3041513289660416,-0.23258109357540285,-0.2611418577155121,1.0356349710836776,1.3077216393233426,1.5569510753484168,22.77777777777778,-0.18901358538456736,75,1.0,1.1,25,0.0,-99.0,-30.0,0.85,1.5,0.2,0.5
0.4407683798082359,0.07397220345647493,0.13060903702466775,0.3447651696832583,0.2874164798406418,-0.2677739636549143,-0.2611418577155121,0.9207500595549867,1.0733548397223607,1.573805842069771,19.425925925925927,-0.056636833568192824,70,1.1,1.0,15,-99.0,-99.0,-20.0,0.95,1.5,0.18,0.5
0.4293040320459234,-0.06276500113991346,0.13954951614123945,0.20802796508686994,0.2963569589572135,-0.14973125296459594,-0.2611418577155121,1.0887662211611315,1.979259193318093,1.5698754193948243,14.5,-0.2023145172811529,80,1.0,1.1,15,0.0,-99.0,-20.0,0.9,1.0,0.15,0.5
0.4273302240739399,0.05540601182236471,0.1344960572466587,0.3261989780491481,0.2913035000626327,-0.3132195961536196,-0.2611418577155121,1.0103044702344146,0.9300296138552007,1.4418690590979775,28.425925925925927,-0.07909004542429399,75,1.1,1.0,10,0.0,-99.0,-30.0,0.0,1.5,0.25,0.25
0.4247115149021545,-0.03675329847918918,0.1759393075604656,0.23403966774759422,0.33274675037643964,-0.2905891066181682,-0.2611418577155121,0.8669510119895323,1.1450764767093153,1.4697803916316905,31.12962962962963,-0.21269260603965479,65,1.0,1.1,10,0.0,-99.0,-99.0,0.85,2.5,0.2,0.3
0.41846970224605085,-0.005124405876943072,0.12779052370967836,0.2656685603498403,0.2845979665256524,-0.1567230915002932,-0.2611418577155121,1.0485248796576652,1.8159287428625026,1.6134663427829126,11.037037037037036,-0.13291492958662143,70,1.0,1.1,25,0.0,-99.0,-30.0,1.0,2.5,0.15,0.4
0.41333887039476075,-0.06893937565008246,0.1411258616139821,0.20185359057670094,0.29793330442995614,-0.21822403534964097,-0.2611418577155121,1.093396629175393,1.365263473166941,1.625992177949332,13.148148148148149,-0.21006523726406456,75,1.1,1.1,25,0.0,-99.0,-30.0,1.0,2.5,0.12,0.4
0.39778352662035305,0.13848432036283653,0.14654977132534142,0.4092772865896199,0.30335721414131545,-0.3040463873888775,-0.2611418577155121,0.754765430607291,0.9977333286098854,1.5730792122514083,8.981481481481481,-0.008065450962504883,70,0.95,1.0,25,0.0,-99.0,-20.0,0.95,3.0,0.12,0.4
0.39721936157858323,-0.061788828179885735,0.11238377905226105,0.20900413804689766,0.2691912218682351,-0.11849351887150225,-0.2611418577155121,1.1588781272850404,2.2717801313686508,1.5252740368027813,6.333333333333333,-0.17417260723214678,75,0.85,1.1,10,-99.0,-99.0,-30.0,1.0,1.5,0.15,0.4
0.3881801281841763,-0.0595267212950783,0.10752898596012539,0.2112662449317051,0.2643364287760994,-0.12674778964884745,-0.2611418577155121,1.168893763710457,2.0855308759895452,1.531089967521167,6.296296296296297,-0.1670557072552037,75,0.85,1.1,10,-99.0,-99.0,-20.0,1.0,1.0,0.2,0.4
0.368496103787736,0.06316740518602248,0.13801574676133166,0.3339603714128059,0.2948231895773057,-0.30744746154521513,-0.2611418577155121,0.8721833546284268,0.9589384413699157,1.5073300377902963,42.2037037037037,-0.07484834157530917,65,1.0,1.1,10,0.0,-99.0,-99.0,0.0,3.0,0.15,0.5
0.36559881932826493,0.1002528315702993,0.17094933615643804,0.3710457977970827,0.32775677897241207,-0.3543663589541093,-0.2611418577155121,0.7702260521649271,0.9249094071450976,1.487220147722059,9.425925925925926,-0.07069650458613874,60,1.0,0.95,25,0.0,-99.0,-30.0,0.95,3.0,0.2,0.5
0.36317898066159027,-0.038108586602476624,0.15112342255679434,0.23268437962430677,0.30793086537276837,-0.2509589612490717,-0.2611418577155121,0.7904625184574828,1.2270168151802048,1.4910465321168587,14.5,-0.18923200915927096,80,1.0,1.1,15,0.0,-99.0,-20.0,0.9,2.0,0.2,0.25
0.36118647772001783,0.04460923699466113,0.12471843069210498,0.3154022032214445,0.281525873508079,-0.1908441255398945,-0.2611418577155121,0.7690994317625975,1.4751613271388235,1.4737592241075232,8.851851851851851,-0.08010919369744385,80,0.95,1.0,15,-99.0,-99.0,-99.0,0.95,1.5,0.18,0.25
0.35651423667512483,-0.08985691543037966,0.11133150661980507,0.18093605079640374,0.2681389494357791,-0.22119728849204756,-0.2611418577155121,1.130414753367635,1.2122162584530016,1.5094358147924274,24.14814814814815,-0.20118842205018472,80,1.1,1.1,10,0.0,-99.0,-99.0,0.85,1.0,0.12,0.4
0.3540870579530516,0.020180302785243187,0.13573150039032678,0.2909732690120266,0.2925389432063008,-0.13864668533531657,-0.2611418577155121,0.8279511985966629,2.1099598775029946,1.624211151005011,25.796296296296298,-0.11555119760508359,60,0.95,1.1,15,-99.0,-99.0,-99.0,0.95,2.0,0.12,0.5
0.3526808368331013,0.06869561534044655,0.1430307704040581,0.33948858156722994,0.2998382132200321,-0.29776409795869035,-0.2611418577155121,0.7383091453884572,1.0069656324438063,1.4700572730913055,5.611111111111111,-0.07433515506361155,75,0.95,0.95,15,0.0,-99.0,-30.0,0.95,2.5,0.2,0.5
0.35113632466473993,0.10661428932255523,0.19502508231989713,0.3774072555493386,0.35183252513587115,-0.4164425972968361,-0.2611418577155121,0.8167916444273429,0.8448523936303483,1.4611585155617675,15.333333333333334,-0.08841079299734189,75,1.1,1.0,10,0.0,-99.0,-20.0,0.9,2.5,0.15,0.25
0.34793108772475473,-0.02398440335063956,0.12966961731485438,0.24680856287614383,0.2864770601308284,-0.2106922968456731,-0.2611418577155121,0.9032710855982313,1.3596940392209298,1.5624296788942817,12.74074074074074,-0.15365402066549394,70,0.95,1.1,10,0.0,-99.0,-20.0,0.95,1.5,0.12,0.3
0.339748477918492,0.010946683876828844,0.1102922963085835,0.28173965010361224,0.26709973912455753,-0.28085147006778666,-0.2611418577155121,0.9221352470123593,0.9510355742844786,1.41241164561906,30.90740740740741,-0.09934561243175466,80,1.1,1.1,25,0.0,-99.0,-20.0,0.0,1.5,0.12,0.4
0.3254061079783576,-0.08650660031617918,0.1826940013547418,0.1842863659106042,0.3395014441707158,-0.332640575864865,-0.2611418577155121,0.8682911378049853,1.0206254702632491,1.424391427911585,13.88888888888889,-0.26920060167092097,75,1.1,0.95,15,0.0,-99.0,-30.0,0.85,2.5,0.2,0.25
0.3159336216437798,-0.061972196173299965,0.12596629887741395,0.20882077005348343,0.282773741693388,-0.28633683827142953,-0.2611418577155121,0.9808705437646047,0.9875562760294784,1.466794631952099,22.574074074074073,-0.18793849505071392,70,1.0,0.95,25,0.0,-99.0,-20.0,0.0,2.0,0.12,0.4
0.30136842235217437,-0.03985109004084242,0.12900930812583034,0.23094187618594098,0.28581675094180437,-0.2824301203469747,-0.2611418577155121,0.907890150110593,1.0119910390246942,1.5239232059228187,17.14814814814815,-0.16886039816667275,80,1.1,0.95,15,0.0,-99.0,-30.0,0.0,3.0,0.18,0.5
0.29821856654136897,0.09057069322859657,0.11766571136537318,0.36136365945537996,0.2744731541813472,-0.211832938859579,-0.2611418577155121,0.7015872371985532,1.2957057370727956,1.6538095979420793,13.75925925925926,-0.027095018136776616,70,0.95,1.0,15,-99.0,-99.0,-99.0,0.95,2.5,0.2,0.5
0.29045948837450014,0.04960838255055844,0.10608748877908392,0.32040134877734183,0.26289493159505795,-0.22012084975503274,-0.2611418577155121,0.702678924578778,1.1943209009397677,1.4291694093423304,11.666666666666666,-0.05647910622852548,65,0.95,0.95,10,-99.0,-99.0,-30.0,0.95,2.0,0.18,0.25
0.29003580144773256,0.039254906224424735,0.1462453314767942,0.31004787245120813,0.3030527742927682,-0.32606369560853454,-0.2611418577155121,0.8215893625444177,0.9294281404962276,1.5630203489774628,12.277777777777779,-0.10699042525236946,80,1.1,1.0,25,0.0,-99.0,-20.0,0.9,1.5,0.18,0.5
0.28493218971006234,-0.08558796123814605,0.08963751445453205,0.18520500498863735,0.24644495727050608,-0.21574219985747434,-0.2611418577155121,1.0031957343000957,1.1423122478278005,1.3333008652181186,3.925925925925926,-0.1752254756926781,80,0.95,1.0,10,0.0,-99.0,-20.0,1.0,2.5,0.25,0.3
0.2823690900595214,-0.08554324127105661,0.06717577954785403,0.18524972495572678,0.22398322236382806,-0.15387619643615166,-0.2611418577155121,1.1496524630964469,1.4556066990956988,1.3614707962040251,5.185185185185185,-0.15271902081891064,60,0.95,0.95,15,0.0,-99.0,-30.0,1.0,1.0,0.12,0.4
0.2758614392117817,-0.02982318556870589,0.09783805978467264,0.2409697806580775,0.25464550260064667,-0.11250448677399616,-0.2611418577155121,0.9488448529310984,2.2634253077585207,1.5408399367969319,22.203703703703702,-0.12766124535337853,65,0.95,1.1,15,-99.0,-99.0,-20.0,0.95,1.0,0.25,0.4
0.27426572892832496,-0.0897821842788824,0.1275631023958852,0.181010781947901,0.2843705452118592,-0.22005241637494943,-0.2611418577155121,0.8282658511799432,1.2922854922316214,1.4425810652347328,9.777777777777779,-0.2173452866747676,80,0.95,0.95,10,-99.0,-99.0,-30.0,0.9,1.5,0.12,0.3
0.27203951436841,-0.05851842664378459,0.11999344328340245,0.2122745395829988,0.2768008860993765,-0.16947583004269529,-0.2611418577155121,0.8791980375553018,1.6332764738762056,1.563404692052212,11.74074074074074,-0.17851186992718704,70,0.85,1.1,10,-99.0,-99.0,-99.0,0.95,1.5,0.12,0.5
0.258289260790132,-0.10242533092920292,0.09261226541892142,0.16836763529758048,0.24941970823489545,-0.21581572704903476,-0.2611418577155121,1.0488659522979875,1.1557068228777676,1.471850602288077,12.537037037037036,-0.19503759634812434,75,1.0,0.95,15,0.0,-99.0,-20.0,0.85,1.0,0.2,0.4
0.25494184761682315,-0.023541616446001612,0.0905595074401917,0.24725134978078178,0.24736695025616573,-0.30150091046416283,-0.2611418577155121,1.0526465622491727,0.8204517521202258,1.462667446283451,30.833333333333332,-0.11410112388619331,75,1.1,1.0,15,-99.0,-99.0,-30.0,0.85,1.0,0.25,0.5
0.2537680067732904,-0.04811360398293818,0.10388354220474239,0.2226793622438452,0.2606909850207164,-0.28895747680975437,-0.2611418577155121,0.9755184042519772,0.9021776764487454,1.4729899326516758,22.98148148148148,-0.15199714618768057,70,1.0,0.95,10,0.0,-99.0,-30.0,0.0,1.5,0.25,0.4
0.25146115469501346,-0.07989616724298565,0.07381040596902322,0.19089679898379774,0.23061784878499725,-0.13519942416649267,-0.2611418577155121,1.1732394170700478,1.7057605844607786,1.5889786816803149,12.537037037037036,-0.15370657321200887,65,1.0,1.1,15,0.0,-99.0,-99.0,1.0,1.0,0.15,0.3
0.25130390145813536,-0.2156659765765685,0.18511719790098802,0.0551269896502149,0.34192464071696205,-0.3294694968275006,-0.2611418577155121,0.9617635927567465,1.0378036328382247,1.4420274460755218,16.833333333333332,-0.4007831744775565,80,1.1,0.95,10,-99.0,-99.0,-20.0,0.85,2.5,0.15,0.3
0.24892453778538692,-0.011810317441422136,0.08041033959992294,0.25898264878536126,0.23721778241589697,-0.23364852958303875,-0.2611418577155121,0.9327082302194117,1.0152761621878288,1.489500928942219,7.0,-0.09222065704134508,70,1.0,1.0,15,0.0,-99.0,-99.0,1.0,2.0,0.25,0.3
0.24828538390495364,-0.06262759117653838,0.10672667042300099,0.20816537505024502,0.263534113238975,-0.277442866672426,-0.2611418577155121,0.9030281233525372,0.9498680445445623,1.4272635998331726,23.87037037037037,-0.16935426159953937,80,1.0,0.95,10,-99.0,-99.0,-20.0,0.0,2.0,0.18,0.4
0.2425353526352219,0.04351566859490319,0.10306163596123419,0.3143086348216866,0.2598690787772082,-0.281049959940591,-0.2611418577155121,0.6904022209483853,0.924636597821042,1.3851670995580625,5.611111111111111,-0.059545967366331,75,0.95,0.95,10,0.0,-99.0,-30.0,0.95,2.0,0.15,0.25
0.2425194490897309,-0.00922985760645778,0.07457690135707273,0.2615631086203256,0.23138434417304676,-0.17328873392488467,-0.2611418577155121,0.9962325947085302,1.3352532442954126,1.5669923157643155,14.796296296296296,-0.08380675896353051,65,0.95,1.1,15,-99.0,-99.0,-30.0,1.0,2.5,0.25,0.3
0.2143759843546441,-0.045701874628441885,0.07565923725255042,0.2250910915983415,0.23246668006852444,-0.17693821606541948,-0.2611418577155121,0.9074905942279787,1.3138296815571735,1.4021504996285155,7.888888888888889,-0.1213611118809923,65,1.0,0.95,25,-99.0,-99.0,-99.0,1.0,2.5,0.2,0.25
0.20267794788234783,-0.05493500057262257,0.04122120359363435,0.21585796565416082,0.19802864640960838,-0.18996467775869394,-0.2611418577155121,0.8993314417364086,1.0424498319690665,1.0523879439804562,72.72222222222223,-0.09615620416625692,70,1.1,1.1,25,-99.0,-99.0,-99.0,0.0,1.0,0.18,0.5
0.20064273970705326,-0.008266788938078085,0.13899493092476356,0.2625261772887053,0.2958023737407376,-0.30357048683476257,-0.2611418577155121,0.7093282767564923,0.974410842190159,1.5929404808963488,21.22222222222222,-0.14726171986284164,80,1.0,1.1,25,-99.0,-99.0,-30.0,0.9,3.0,0.18,0.5
0.1981071685503491,-0.16302063704581005,0.14303053844694769,0.10777232918097335,0.2998379812629217,-0.19090875862687454,-0.2611418577155121,0.7470931015314617,1.5705826354931471,1.4717012017013826,8.12962962962963,-0.30605117549275773,65,0.85,0.95,10,-99.0,-99.0,-99.0,0.95,2.5,0.25,0.5
0.18619522951781337,-0.14292892601650142,0.12937169351336464,0.12786404021028197,0.28617913632933867,-0.1449218815023676,-0.2611418577155121,0.7421329911867118,1.974713089304346,1.43352473533045,8.074074074074074,-0.27230061952986606,65,0.85,0.95,15,-99.0,-99.0,-30.0,0.95,2.0,0.2,0.4
0.17733276106740814,-0.06656185661241776,0.09541870062889779,0.20423110961436564,0.2522261434448718,-0.2330242010523721,-0.2611418577155121,0.8394349982767855,1.0824032109359496,1.540263277817534,11.092592592592593,-0.16198055724131555,75,0.95,1.0,10,0.0,-99.0,-20.0,0.9,1.0,0.25,0.4
0.1590991397064404,0.10500148068987225,0.05970988268536637,0.37579444691665564,0.2165173255013404,-0.19537927197866647,-0.2611418577155121,0.9158952157227631,1.1081898468993272,1.641321336306336,8.944444444444445,0.045291598004505884,70,0.95,1.1,10,0.0,-99.0,-99.0,1.0,3.0,0.25,0.4
0.1546908580785626,-0.05166239102276804,0.05605738482648559,0.21913057520401535,0.21286482764245962,-0.11644504317989667,-0.2611418577155121,0.997651441324062,1.8280282425899697,1.535482086800524,25.51851851851852,-0.10771977584925363,60,0.95,1.1,10,-99.0,-99.0,-20.0,0.95,1.0,0.12,0.4
0.1525809734286498,-0.012917195213801635,0.06491893099717694,0.25787577101298176,0.22172637381315097,-0.2546607211608953,-0.2611418577155121,0.8217356497110876,0.8706736272574351,1.4670881640154105,15.25925925925926,-0.07783612621097857,65,1.1,1.0,10,0.0,-99.0,-20.0,0.95,1.0,0.25,0.25
0.11619535826171601,-0.16023570047297309,0.025062133980111145,0.11055726575381031,0.18186957679608518,-0.12845488569200292,-0.2611418577155121,1.1052134947561236,1.4158245193737122,1.1712069686123538,2.2222222222222223,-0.18529783445308423,80,0.85,0.95,25,3.0,-99.0,-99.0,0.95,1.0,0.12,0.3
0.10460089699923691,0.029970242810308356,0.10192847213303802,0.30076320903709175,0.25873591494901205,-0.32152095327209407,-0.2611418577155121,0.7136792808615695,0.8047248937149398,1.5574540384260214,31.85185185185185,-0.07195822932272966,65,0.95,1.0,25,-99.0,-99.0,-20.0,0.85,3.0,0.18,0.4
0.10404867236115561,-0.049956141227071926,0.007279074774785288,0.22083682499971147,0.16408651759075932,-0.17271702199144567,-0.2611418577155121,0.8780048448518238,0.9500309564096479,1.0227827772068008,82.18518518518519,-0.057235216001857214,65,1.1,1.1,15,-99.0,-99.0,-20.0,0.0,1.0,0.12,0.3
0.09146588141560219,0.014138138014907486,0.04966815662334567,0.2849311042416909,0.2064755994393197,-0.2727639881779963,-0.2611418577155121,0.7485911174623351,0.7569752914177985,1.4090934142518052,22.333333333333332,-0.035530018608438185,80,0.95,0.95,25,-99.0,-99.0,-30.0,0.0,2.0,0.18,0.4
0.06670374512977612,-0.06677421177829546,0.06530138964538268,0.20401875444848794,0.2221088324613567,-0.2948130713088522,-0.2611418577155121,0.8554592515734534,0.7533886861775914,1.4093780354270766,34.24074074074074,-0.13207560142367814,70,1.1,1.1,15,0.0,-99.0,-20.0,0.85,1.5,0.15,0.25
0.057386230918344605,-0.019811287735091776,0.03824769696662855,0.2509816784916916,0.19505513978260258,-0.17597330643512335,-0.2611418577155121,0.8210035171286861,1.1084359539184665,1.4934911027026414,8.833333333333334,-0.05805898470172033,60,1.0,0.95,15,-99.0,-99.0,-99.0,1.0,2.5,0.18,0.5
0.053671057966725944,-0.06997705052429759,0.03665089252733034,0.2008159157024858,0.19345833534330437,-0.2174991950699118,-0.2611418577155121,0.834280607454853,0.8894669025378238,1.34481624272798,5.185185185185185,-0.10662794305162793,60,0.95,0.95,10,0.0,-99.0,-30.0,1.0,3.0,0.25,0.3
0.05232708804553304,0.04403426999297677,0.04587296849964018,0.31482723621976016,0.2026804113156142,-0.2696916504646762,-0.2611418577155121,0.7231045131753105,0.7515264598158592,1.5792625284523045,26.796296296296298,-0.0018386985066634054,60,1.1,1.0,15,-99.0,-99.0,-99.0,0.95,1.5,0.18,0.5
0.05090284141939605,0.023487874902372585,0.11469923171407026,0.294280841129156,0.2715066745300443,-0.38562281316140556,-0.2611418577155121,0.7625360554817607,0.7040731649255485,1.4966294849142696,49.31481481481482,-0.09121135681169767,60,1.1,1.0,15,-99.0,-99.0,-30.0,0.85,2.5,0.25,0.5
0.04970442696131164,-0.2430414078132257,0.026360092373073796,0.027751558413557698,0.18316753518904783,-0.15550199358919126,-0.2611418577155121,0.8828866708661874,1.1779111698911335,0.7592592592592593,1.0185185185185186,-0.2694015001862995,80,1.1,0.85,15,0.0,-99.0,-30.0,1.0,2.5,0.15,0.4
0.043626811754918116,-0.017209511337627603,0.10867843062890858,0.2535834548891558,0.2654858734448826,-0.35258916339882035,-0.2611418577155121,0.6838967170163875,0.7529609557074971,1.4141757197858578,39.46296296296296,-0.1258879419665362,65,1.1,1.1,15,0.0,-99.0,-30.0,0.85,3.0,0.18,0.25
0.0411255662905754,-0.17254704707092583,0.03274215205108533,0.09824591915585756,0.18954959486705936,-0.16873719211468613,-0.2611418577155121,0.9143028702547494,1.1233421185427075,1.139017593063765,2.425925925925926,-0.20528919912201116,80,1.0,0.95,10,3.0,-99.0,-99.0,1.0,1.0,0.15,0.4
0.03601685584804243,-0.04321788982453012,0.008669512535461221,0.22757507640225327,0.16547695535143525,-0.12649595756156906,-0.2611418577155121,0.9569682406060349,1.308160027729685,1.417526374122762,8.685185185185185,-0.05188740235999134,60,1.0,0.95,25,-99.0,-99.0,-20.0,1.0,1.0,0.12,0.3
0.02733028694019496,-0.08585514662244442,0.02213635891198673,0.18493781960433897,0.17894380172796076,-0.15042160063871612,-0.2611418577155121,0.9664406127569188,1.189615061720753,1.4548131651726008,8.62962962962963,-0.10799150553443115,70,1.1,1.0,25,0.0,-99.0,-30.0,1.0,1.5,0.12,0.25
0.020659511293639576,-0.10000683805333321,0.07636376391679778,0.17078612817345018,0.2331712067327718,-0.20286169650592534,-0.2611418577155121,0.7159366225613074,1.1494097246986257,1.5546441789469143,14.925925925925926,-0.176370601970131,60,0.85,1.0,10,0.0,-99.0,-99.0,0.85,2.5,0.15,0.25
0.01857866203406172,-0.005889036010024551,0.0021420473455764366,0.26490393021675884,0.15894949016155047,-0.21442697935544486,-0.2611418577155121,0.7182223635242901,0.7412756111163972,1.1368987525159604,77.44444444444444,-0.008031083355600988,60,1.0,1.1,25,-99.0,-99.0,-99.0,0.0,1.5,0.12,0.4
0.015239365894375967,-0.06286492248409692,0.09260378097040278,0.20792804374268647,0.2494112237863768,-0.3335349291101169,-0.2611418577155121,0.7533521006065832,0.7477814226288529,1.4386565401560583,10.296296296296296,-0.1554687034544997,75,1.1,0.95,15,0.0,-99.0,-20.0,0.9,1.5,0.15,0.4
0.007919379582839559,-0.05059668094996672,0.026467113607158366,0.22019628527681667,0.1832745564231324,-0.1616505620179007,-0.2611418577155121,0.8816183381705718,1.133769992107031,1.5389814979131824,5.685185185185185,-0.07706379455712509,65,0.85,1.1,10,0.0,-99.0,-30.0,1.0,2.5,0.12,0.4
0.006590813341027402,-0.10181153536757837,0.030134030873344875,0.16898143085920503,0.1869414736893189,-0.22482165961317535,-0.2611418577155121,0.8879134164650087,0.8315100689629615,1.4198548404797773,34.27777777777778,-0.13194556624092324,70,0.95,0.95,10,-99.0,-99.0,-99.0,0.0,1.0,0.15,0.4
0.0037930497170232114,-0.10466921396998763,0.10827847036762117,0.16612375225679576,0.2650859131835952,-0.3061785978974533,-0.2611418577155121,0.6892324048702416,0.8657885136451601,1.5697195649569706,9.12962962962963,-0.2129476843376088,75,0.85,1.1,15,0.0,-99.0,-20.0,0.9,3.0,0.2,0.25
0.002197358754400913,-0.19906254822131486,0.004498060037043672,0.07173041800546853,0.1613055028530177,-0.16380930725019793,-0.2611418577155121,0.8240732229158132,0.984715127368459,0.7475696153110728,1.2777777777777777,-0.20356060825835853,75,1.1,0.85,15,0.0,-99.0,-30.0,1.0,3.0,0.15,0.25
0.0006049521805394642,-0.0747893924107641,0.034961826106563176,0.1960035738160193,0.1917692689225372,-0.16017856969550137,-0.2611418577155121,0.8996076601737439,1.1972217587352014,1.5976498793841931,9.796296296296296,-0.10975121851732728,60,0.85,1.1,10,-99.0,-99.0,-30.0,1.0,2.0,0.18,0.5
-0.00043898389516378034,-0.13967630771629636,0.04278036361912618,0.13111665851048704,0.1995878064351002,-0.2159822055009374,-0.2611418577155121,0.8492599975196815,0.9240937510207708,1.3791125526536225,9.37037037037037,-0.18245667133542254,75,1.0,0.95,10,0.0,-99.0,-30.0,0.9,1.0,0.12,0.25
-0.0059885993273660065,-0.034240327762470324,0.006090404141221306,0.23655263846431307,0.16289784695719534,-0.1919090651366413,-0.2611418577155121,0.7767068780876001,0.848828307517471,1.2612430767745322,42.629629629629626,-0.04033073190369163,70,0.95,1.0,15,-99.0,-99.0,-99.0,0.0,1.0,0.18,0.3
-0.008803664934674937,-0.10521999757300238,0.05969214237786824,0.16557296865378102,0.21649958519384227,-0.19992434745002968,-0.2611418577155121,0.8178820891098576,1.0829075495567417,1.638670463500687,9.25925925925926,-0.16491213995087062,60,0.85,1.1,15,0.0,-99.0,-30.0,0.95,1.0,0.15,0.5
-0.013349779807049711,-0.11107663757239172,0.11226727193699859,0.15971632865439167,0.2690747147529726,-0.3151814397972087,-0.2611418577155121,0.6972808430891415,0.8537137051156893,1.5987873847561047,9.222222222222221,-0.22334390950939031,75,0.85,1.1,15,0.0,-99.0,-99.0,0.9,3.0,0.15,0.3
-0.01428215725091192,0.0701495400779899,0.10635442645389248,0.3409425063047733,0.2631618692698665,-0.4136104786525928,-0.2611418577155121,0.6923925589570576,0.6362553243988438,1.4825133809831557,16.925925925925927,-0.03620488637590258,60,1.1,0.95,10,-99.0,-99.0,-30.0,0.95,2.5,0.18,0.3
-0.015393276181869864,-0.09250732771900672,0.017665268415386626,0.17828563850777668,0.17447271123136066,-0.15081760570909933,-0.2611418577155121,0.9032668466398023,1.1568457834285466,1.4250505900964139,7.0,-0.11017259613439334,65,0.95,0.95,10,-99.0,-99.0,-99.0,1.0,1.5,0.15,0.3
-0.020443413055685256,0.09550782861725704,0.07665023805035953,0.36630079484404043,0.23345768086633356,-0.35391578948868224,-0.2611418577155121,0.628604003296958,0.6596418916590869,1.4564697093078822,7.611111111111111,0.01885759056689751,65,0.95,0.95,15,0.0,-99.0,-99.0,0.95,3.0,0.12,0.4
-0.028505646838133114,-0.025404117701060658,0.011515427607906803,0.24538884852572274,0.16832287042388083,-0.1998157858883813,-0.2611418577155121,0.8290363267963783,0.8423902529798488,1.5072199178632735,11.38888888888889,-0.03691954530896746,60,1.1,1.0,15,0.0,-99.0,-30.0,1.0,2.0,0.12,0.25
-0.02975675579644621,-0.03851871767704873,0.005358873599499825,0.23227424854973466,0.16216631641547385,-0.26656193866515776,-0.2611418577155121,0.8655720834324928,0.6083626088088268,1.430868462449507,32.2962962962963,-0.043877591276548555,65,0.95,1.0,15,-99.0,-99.0,-30.0,0.85,1.0,0.15,0.25
-0.048824571645892156,0.017791983933363786,0.010640344392604195,0.2885849501601472,0.16744778720857822,-0.2760505949297302,-0.2611418577155121,0.6559552217308625,0.6065836853247961,1.2746481537084815,39.648148148148145,0.007151639540759591,75,1.0,1.0,25,-99.0,-99.0,-99.0,0.0,1.5,0.18,0.4
-0.05987658424280162,-0.004300178175307812,0.003555804551815589,0.2664927880514756,0.16036324736778962,-0.2721637687512617,-0.2611418577155121,0.755717840619713,0.589216000732082,1.4068630598709932,3.611111111111111,-0.0078559827271234,80,0.85,1.1,10,3.0,-99.0,-20.0,0.95,3.0,0.2,0.4
-0.06327323360811499,-0.11958603123964662,0.05954319037058098,0.15120693498713678,0.216350633186555,-0.23079856519731587,-0.2611418577155121,0.6600375317346667,0.9374002520405231,1.5077851311584822,12.055555555555555,-0.1791292216102276,60,0.85,0.95,10,0.0,-99.0,-20.0,0.85,2.5,0.2,0.4
-0.06796807033215041,-0.14334198817255417,0.005685012228586528,0.12745097805422922,0.16249245504456056,-0.18084112518607764,-0.2611418577155121,0.8411083062458128,0.8985370715724252,1.207450906560874,3.1296296296296298,-0.1490270004011407,70,0.95,0.95,15,3.0,-99.0,-99.0,1.0,2.0,0.12,0.25
-0.07857734415575285,-0.10196773684699623,0.09349628394174658,0.16882522937978717,0.2503037267577206,-0.31121302877213874,-0.2611418577155121,0.6685958231180364,0.8042842156874667,1.6375134285992046,10.703703703703704,-0.1954640207887428,70,0.85,1.1,10,0.0,-99.0,-20.0,0.9,3.0,0.12,0.4
-0.0800632355449018,-0.05792932397586137,-0.0035957094498135778,0.21286364225092202,0.15321173336616045,-0.21147164575301233,-0.2611418577155121,0.758535839550934,0.724502487416699,1.3020490099835555,2.814814814814815,-0.05433361452604779,80,0.95,1.0,25,3.0,-99.0,-20.0,1.0,3.0,0.18,0.5
-0.08063712585908434,-0.01406996811929151,0.014389650856585723,0.2567229981074919,0.17119709367255975,-0.2943098482475148,-0.2611418577155121,0.7241820557460368,0.5816899933589136,1.35163719039521,42.425925925925924,-0.028459618975877232,65,1.0,0.95,25,-99.0,-99.0,-30.0,0.0,1.5,0.25,0.3
-0.08879191947363346,-0.005844493394271177,0.02773531438463528,0.2649484728325122,0.1845427572006093,-0.32089384900470086,-0.2611418577155121,0.7621526193572241,0.5750897306788386,1.4257523211116758,41.5,-0.033579807778906456,60,1.0,1.0,25,-99.0,-99.0,-20.0,0.85,2.0,0.12,0.25
-0.08898859170006804,-0.23919527283429254,-0.029014382100238434,0.031597693392490855,0.1277930607157356,-0.12422171155206707,-0.2611418577155121,0.8244996548698796,1.0287497983971312,0.5833333333333334,0.6851851851851852,-0.2101808907340541,80,1.0,0.85,10,3.0,-99.0,-99.0,1.0,2.0,0.12,0.25
-0.09371160774428827,0.022694509967259524,0.06774296310180605,0.2934874761940429,0.22455040591778008,-0.3348515397595736,-0.2611418577155121,0.6297917359949592,0.6705969041653781,1.6237050364210754,12.88888888888889,-0.04504845313454653,80,0.85,1.0,10,0.0,-99.0,-99.0,0.0,3.0,0.18,0.5
-0.09674400026349134,0.00889140597452287,0.06714118148261017,0.27968437220130626,0.2239486242985842,-0.3511316067748741,-0.2611418577155121,0.6457437761922165,0.6377911300994544,1.4998378022107635,36.407407407407405,-0.0582497755080873,60,0.95,1.0,25,-99.0,-99.0,-30.0,0.85,3.0,0.2,0.3
-0.12162841161161123,-0.1438857237964739,-0.028977692131211708,0.12690724243030949,0.12782975068476232,-0.19582484997830985,-0.2611418577155121,0.6678923115944551,0.6527759408416304,0.7491858907290991,1.4259259259259258,-0.1149080316652622,70,0.95,0.85,10,0.0,-99.0,-30.0,1.0,2.0,0.15,0.25
-0.12268111254892755,-0.007229903943511973,0.023406305458386623,0.2635630622832714,0.18021374827436065,-0.2669904785167059,-0.2611418577155121,0.5705944260567707,0.6749819292266802,1.5309003213552443,37.81481481481482,-0.030636209401898595,65,1.0,1.1,25,-99.0,-99.0,-20.0,0.9,2.0,0.18,0.5
-0.12735053911267086,-0.05352085571593235,-0.003965020994805224,0.21727211051085105,0.1528424218211688,-0.2797149679563814,-0.2611418577155121,0.8171347533296767,0.5464220343224642,1.4445192553180755,24.5,-0.04955583472112712,65,0.95,0.95,25,-99.0,-99.0,-30.0,0.85,1.0,0.18,0.25
-0.1304596137283327,-0.04452629080033521,-0.008810532112442981,0.22626667542644818,0.14799691070353105,-0.27811019020036953,-0.2611418577155121,0.7388987773328669,0.532152060292735,1.3167148342912907,5.222222222222222,-0.03571575868789223,75,1.1,0.95,15,3.0,-99.0,-30.0,0.95,1.5,0.25,0.25
-0.1307620060890155,0.009833845642856165,0.07825128267931825,0.28062681186963956,0.23505872549529228,-0.3741300811461495,-0.2611418577155121,0.6203107744994639,0.6282807433585362,1.5317621338609457,19.51851851851852,-0.06841743703646208,80,1.1,1.1,10,0.0,-99.0,-30.0,0.9,3.0,0.15,0.3
-0.13990618578444636,-0.08032230661103967,0.014868613273106401,0.19047065961574372,0.17167605608908043,-0.2811336771957381,-0.2611418577155121,0.7141751265660871,0.610656317668949,1.4043121443843916,39.44444444444444,-0.09519091988414607,65,0.95,0.95,25,-99.0,-99.0,-99.0,0.0,1.5,0.12,0.4
-0.14246962104084038,-0.2358241367235132,-0.038941137367092704,0.03496882950327018,0.11786630544888133,-0.14323453489668259,-0.2611418577155121,0.7803558555679019,0.8228902724744436,0.6,0.6851851851851852,-0.1968829993564205,80,1.0,0.85,25,3.0,-99.0,-99.0,1.0,1.5,0.12,0.4
-0.16575090552139699,-0.23523151702555367,-0.024655639840197807,0.03556144920122972,0.13215180297577622,-0.1680273929255537,-0.2611418577155121,0.7135617287161667,0.7864896352604095,0.7111111111111109,0.8888888888888888,-0.21057587718535586,80,0.95,0.85,25,0.0,-99.0,-20.0,1.0,2.5,0.18,0.3
-0.16608082173477495,-0.0619576888786042,-0.01763712070871737,0.2088352773481792,0.13917032210725666,-0.26167805206505457,-0.2611418577155121,0.7851927193568881,0.5318379627522531,1.475785805697926,21.185185185185187,-0.04432056816988683,70,0.95,0.95,15,-99.0,-99.0,-99.0,0.85,1.0,0.12,0.3
-0.18164164147783546,-0.018637052294479872,-0.004354126116867807,0.2521559139323035,0.15245331669910622,-0.29791031738268214,-0.2611418577155121,0.6537108434924449,0.5117423190928684,1.3442023774821152,39.24074074074074,-0.014282926177612065,65,0.95,0.95,25,-99.0,-99.0,-30.0,0.0,1.5,0.2,0.25
-0.18415962055113994,-0.08310706880125229,0.01301844253432316,0.1876858974255311,0.1698258853502972,-0.2965696859840389,-0.2611418577155121,0.7144995744155132,0.5726339992801458,1.4216733667452006,51.98148148148148,-0.09612551133557545,60,1.1,0.95,25,-99.0,-99.0,-20.0,0.0,1.5,0.25,0.5
-0.18889998181264528,-0.015058402080700528,-0.020992385236749733,0.25573456414608287,0.1358150575792243,-0.23025013808488376,-0.2611418577155121,0.7139383557546539,0.5898587454012942,1.5198854519564138,6.907407407407407,0.005933983156049205,80,1.0,1.0,25,3.0,-99.0,-99.0,0.9,1.0,0.15,0.4
-0.19716248441697348,-0.05780264487183695,-0.02018175758444607,0.21299032135494644,0.13662568523152796,-0.16920400881540001,-0.2611418577155121,0.7094453810384397,0.8074612781815667,1.4451241910367272,4.407407407407407,-0.03762088728739088,80,0.95,1.1,15,3.0,-99.0,-30.0,1.0,2.0,0.15,0.4
-0.19817114752597126,-0.05833894723006017,-0.014107571906510463,0.21245401899672323,0.14269987090946357,-0.15162552988953204,-0.2611418577155121,0.6791242364881296,0.9411335347908012,1.456905342734815,5.37037037037037,-0.044231375323549704,80,1.0,1.1,15,3.0,-99.0,-20.0,1.0,3.0,0.25,0.3
-0.20800284036103223,-0.14127668916401004,-0.020049844240517478,0.12951627706277336,0.13675759857545655,-0.1633021191148713,-0.2611418577155121,0.7596880718016019,0.8374514630716912,1.2880688479209024,3.6296296296296298,-0.12122684492349256,65,0.95,0.95,25,3.0,-99.0,-20.0,1.0,1.0,0.25,0.4
-0.213731500939627,-0.03251385516169125,0.08292527068702382,0.23827911106509214,0.23973271350299785,-0.4060068569663498,-0.2611418577155121,0.6274432560137881,0.5904646913952665,1.5132836244807533,14.87037037037037,-0.11543912584871507,80,1.1,1.1,15,0.0,-99.0,-30.0,0.95,3.0,0.2,0.3
-0.21415390287463348,-0.13680590407996474,-0.04428967555891128,0.13398706214681866,0.11251776725706275,-0.19572781857445487,-0.2611418577155121,0.6061815043265127,0.5748685499923507,0.8252324142706376,1.9259259259259258,-0.09251622852105346,60,1.1,0.85,15,0.0,-99.0,-30.0,1.0,2.5,0.12,0.5
-0.21887047321192082,-0.05094300458994372,-0.028861190982577112,0.21984996163683967,0.12794625183339692,-0.1892442469186913,-0.2611418577155121,0.7708353603480183,0.6760905756272156,1.555871919494183,12.666666666666666,-0.022081813607366607,75,1.0,1.1,25,3.0,-99.0,-99.0,0.9,1.0,0.18,0.3
-0.23455829949902518,-0.21302761824399408,-0.006187182544111325,0.05776534798278932,0.1506202602718627,-0.24636383028917458,-0.2611418577155121,0.7546028120484913,0.6113732689375266,1.2675684654898094,2.4444444444444446,-0.20684043569988275,80,0.85,1.0,15,0.0,-99.0,-30.0,1.0,1.0,0.18,0.5
-0.2384322933740271,-0.04297238136094461,-0.04045741168641581,0.22782058486583878,0.11635003112955822,-0.16289718697483707,-0.2611418577155121,0.7481354820248336,0.7142543913145102,1.4938513932208395,5.833333333333333,-0.0025149696745287997,80,0.95,1.1,15,3.0,-99.0,-20.0,0.95,1.0,0.12,0.3
-0.24043013736897406,-0.07311058115508517,-0.036178096531501724,0.19768238507169822,0.1206293462844723,-0.1965397798768026,-0.2611418577155121,0.7158984085478988,0.6137655509743962,1.389114902977777,3.9074074074074074,-0.03693248462358345,80,0.85,1.0,10,3.0,-99.0,-99.0,0.9,1.0,0.25,0.4
-0.24454348510851387,-0.10726547233859307,-0.02615650507768197,0.16352749388819032,0.13065093773829206,-0.1904762544628082,-0.2611418577155121,0.6993239336111466,0.685917192706047,1.3615682144748273,4.074074074074074,-0.0811089672609111,60,0.95,0.95,10,3.0,-99.0,-20.0,1.0,2.5,0.15,0.5
-0.252492649384083,-0.1103257899128427,-0.05671648379837202,0.1604671763139407,0.10009095901760201,-0.21351194881348332,-0.2611418577155121,0.5414624089664664,0.46878387637704544,0.8091620418645247,1.9259259259259258,-0.05360930611447068,60,1.1,0.85,10,0.0,-99.0,-99.0,1.0,3.0,0.2,0.4
-0.26437537872555195,-0.08801297932677965,0.03265348863379902,0.18277998690000374,0.18946093144977305,-0.36093793859740253,-0.2611418577155121,0.661416369981432,0.5249127652970325,1.3514629617570153,26.685185185185187,-0.12066646796057867,80,1.1,0.95,15,-99.0,-99.0,-99.0,0.0,2.0,0.15,0.25
-0.2799815300509293,-0.0004068223282085448,-0.04321066550064412,0.27038614389857485,0.11359677731532991,-0.19148591304252022,-0.2611418577155121,0.7230995227887078,0.5932382988930642,1.4196159542342373,4.092592592592593,0.042803843172435574,80,0.95,1.0,15,3.0,-99.0,-20.0,0.95,1.0,0.12,0.5
-0.2819833222998761,-0.04072150264104013,-0.038444877644986386,0.23007146358574326,0.11836256517098764,-0.2114643326991588,-0.2611418577155121,0.5897478481141661,0.559728270295951,1.4026703692698663,4.574074074074074,-0.0022766249960537444,60,0.85,1.0,15,0.0,-99.0,-20.0,1.0,3.0,0.15,0.5
-0.2820349950981754,-0.001482637318696467,0.050325236466064016,0.2693103289080869,0.20713267928203805,-0.4067917570757635,-0.2611418577155121,0.6231940264488549,0.5091860286723074,1.5060842722719858,21.796296296296298,-0.05180787378476048,70,1.1,1.1,15,0.0,-99.0,-99.0,0.95,2.0,0.12,0.3
-0.29981743193096577,0.11044804423308796,0.028047002939109333,0.38124101045987135,0.18485444575508336,-0.3536520302945767,-0.2611418577155121,0.6155352816423565,0.5227014972912998,1.5078389935215786,31.09259259259259,0.08240104129397863,80,1.1,1.1,10,0.0,-99.0,-20.0,0.0,3.0,0.2,0.5
-0.30688277276947173,-0.19895662148550075,-0.0783770661027483,0.07183634474128264,0.07843037671322572,-0.11658126419443915,-0.2611418577155121,0.5911829315101629,0.6727528411633642,0.5612880624360249,0.7962962962962963,-0.12057955538275245,75,0.95,0.85,15,3.0,-99.0,-99.0,1.0,1.5,0.2,0.3
-0.30874089338792826,-0.10910709562673393,0.0045761439197782305,0.16168587060004946,0.16138358673575226,-0.314301949606245,-0.2611418577155121,0.7351492213081687,0.5134667059429072,1.582055521310492,15.222222222222221,-0.11368323954651216,70,0.85,0.95,10,-99.0,-99.0,-20.0,0.85,1.5,0.12,0.5
-0.3231442205537056,0.07152624020694898,0.00542719376483225,0.34231920643373237,0.16223463658080628,-0.379262145695428,-0.2611418577155121,0.5877701012280473,0.4277638525809828,1.1213280794170328,47.81481481481482,0.06609904644211673,80,1.1,1.1,10,-99.0,-99.0,-20.0,0.0,2.0,0.18,0.4
-0.3309316838422979,-0.013463449914251191,0.005706926310614646,0.2573295163125322,0.16251436912658868,-0.372105615613906,-0.2611418577155121,0.6169804039991938,0.4367425868015181,1.4038389968756662,27.666666666666668,-0.019170376224865837,80,1.0,1.1,25,-99.0,-99.0,-99.0,0.85,2.0,0.12,0.4
-0.34183156975181395,-0.03930084218298835,0.06239010649782584,0.23149212404379504,0.21919754931379987,-0.4242358411132442,-0.2611418577155121,0.6143105334274467,0.5166879553094806,1.5688944899352077,8.925925925925926,-0.10169094868081419,80,0.95,1.0,10,0.0,-99.0,-30.0,0.9,2.0,0.15,0.4
-0.3531118342983603,0.01186386396566208,-0.043880830016441275,0.2826568301924455,0.11292661279953276,-0.1846616708498065,-0.2611418577155121,0.6679783153788726,0.6115324976745226,1.5194432597997607,8.296296296296296,0.055744693982103355,80,1.1,1.0,15,3.0,-99.0,-99.0,0.9,1.0,0.15,0.4
-0.3632643759610466,0.09100182288738345,-0.04161004181885386,0.36179478911416685,0.11519740099712017,-0.23519432886183678,-0.2611418577155121,0.5959805172517081,0.4897966781537154,1.2073420086841598,6.87037037037037,0.13261186470623731,80,0.95,0.85,10,0.0,-99.0,-99.0,0.0,1.0,0.2,0.25
-0.3731347406760082,0.025498407273611967,0.0379889534078266,0.29629137350039536,0.19479639622380063,-0.4393489469264951,-0.2611418577155121,0.5768811305931267,0.4433751294648963,1.4820879834923246,10.75925925925926,-0.01249054613421463,60,1.1,0.95,10,0.0,-99.0,-30.0,0.95,2.0,0.15,0.5
-0.3740037243142078,-0.040055381459486394,-0.040517762047384664,0.230737584767297,0.11628968076858937,-0.27598053789324095,-0.2611418577155121,0.589499346368705,0.42136913586846597,1.588475361218886,4.722222222222222,0.0004623805878982701,75,0.85,1.1,15,3.0,-99.0,-30.0,0.95,3.0,0.18,0.5
-0.3803762440917175,-0.020508759263190512,-0.051496575305750136,0.2502842069635929,0.1053108675102239,-0.24208785853008663,-0.2611418577155121,0.510766966027838,0.4350109425134011,1.3292853661335877,42.2962962962963,0.030987816042559624,70,1.0,1.1,25,-99.0,-99.0,-99.0,0.85,1.5,0.2,0.25
-0.3848637712002286,-0.11013375916972445,0.031098230269199112,0.16065920705705894,0.18790567308517314,-0.3770317997556071,-0.2611418577155121,0.6128086042864266,0.4983814978125825,1.4754970696704162,9.981481481481481,-0.14123198943892357,80,0.85,0.95,10,-99.0,-99.0,-99.0,0.85,2.5,0.12,0.25
-0.39059239418245884,-0.00995851294252148,0.022597444336029948,0.2608344532842619,0.17940488715200398,-0.40493910078199147,-0.2611418577155121,0.5743729168201043,0.44304164948642694,1.4933939550837356,23.462962962962962,-0.03255595727855143,80,0.95,1.1,15,-99.0,-99.0,-99.0,0.85,2.5,0.18,0.5
-0.3968841883797732,-0.054757939657625654,-0.042727714655254934,0.21603502656915774,0.1140797281607191,-0.26885268028363385,-0.2611418577155121,0.5929047427627191,0.4243205908915151,1.6499127700049963,7.666666666666667,-0.01203022500237072,70,0.85,1.1,10,3.0,-99.0,-20.0,0.9,2.5,0.18,0.4
-0.4078705309127586,-0.04965365007813194,-0.02380262311129222,0.22113931614865145,0.1330048197046818,-0.32640396155755275,-0.2611418577155121,0.5125935285211566,0.4074853107480741,1.3752718935908235,40.53703703703704,-0.02585102696683972,70,1.1,0.95,15,-99.0,-99.0,-99.0,0.0,3.0,0.2,0.4
-0.4120803929099425,-0.018531698639591143,-0.05329949125859468,0.25226126758719225,0.10350795155737935,-0.26266972205782274,-0.2611418577155121,0.6332511954059454,0.39406122162261875,1.5922816809163725,21.296296296296298,0.034767792619003535,60,1.1,1.1,15,3.0,-99.0,-20.0,0.95,1.5,0.25,0.5
-0.43494247986058343,-0.01626021828410318,-0.011809064956948667,0.2545327479426802,0.14499837785902536,-0.38073151448778625,-0.2611418577155121,0.5541490886238242,0.3808415440841498,1.4038343249099936,40.25925925925926,-0.004451153327154511,65,0.85,1.1,25,-99.0,-99.0,-99.0,0.0,2.0,0.18,0.5
-0.4396177657004785,-0.04199840873825833,-0.06527991563751634,0.22879455748852506,0.09152752717845769,-0.24669129346751711,-0.2611418577155121,0.5339482433508178,0.3710205005289719,1.4073023930885469,6.166666666666667,0.02328150689925801,80,0.95,0.95,25,3.0,-99.0,-99.0,0.85,1.0,0.15,0.3
-0.45725014537400543,-0.039140503787125525,-0.05558560724320438,0.23165246243965787,0.10122183557276965,-0.194156855801718,-0.2611418577155121,0.5520175301239205,0.5213405169485341,1.6482379266902312,13.351851851851851,0.016445103456078858,80,0.95,1.1,15,3.0,-99.0,-30.0,0.0,1.0,0.25,0.5
-0.46010388505517064,-0.02302750515301044,-0.012960834601775995,0.24776546107377295,0.14384660821419804,-0.3612801893723293,-0.2611418577155121,0.47152361811168786,0.39815802926839183,1.4455967394634726,17.61111111111111,-0.010066670551234447,65,0.95,0.95,25,-99.0,-99.0,-30.0,0.9,2.0,0.25,0.25
-0.4652382479684875,-0.1333061579984205,-0.05614125584191809,0.1374868082283629,0.10066618697405594,-0.18458633327379326,-0.2611418577155121,0.5973567013656178,0.545360998231325,1.5406222437570722,19.944444444444443,-0.0771649021565024,70,1.0,1.0,10,3.0,-99.0,-99.0,0.0,1.0,0.18,0.4
-0.474059631003949,-0.05653451285035671,-0.048011602376647255,0.21425845337642668,0.10879584043932677,-0.3000544726617326,-0.2611418577155121,0.45844539563792297,0.3625869645408623,1.4162925965005704,30.22222222222222,-0.008522910473709455,70,0.85,1.0,10,-99.0,-99.0,-20.0,0.0,2.0,0.2,0.4
-0.47527243796951546,-0.07229117523393569,-0.04672785845012406,0.1985017909928477,0.11007958436584997,-0.2928942206982741,-0.2611418577155121,0.5044048681005177,0.3758339242864365,1.504984651566475,15.703703703703704,-0.02556331678381163,75,0.85,1.0,25,-99.0,-99.0,-99.0,0.85,1.5,0.15,0.3
-0.4769862863030351,-0.16608702406449471,-0.10150166982982789,0.10470594216228868,0.05530577298614614,-0.2568793867672683,-0.2611418577155121,0.3560181478635759,0.21529860251594632,0.6146777556028155,1.3148148148148149,-0.06458535423466683,60,0.85,0.85,25,0.0,-99.0,-20.0,1.0,3.0,0.12,0.4
-0.47806692824585273,-0.15170271907280153,-0.09933835935407043,0.11909024715398187,0.0574690834619036,-0.24975692481461112,-0.2611418577155121,0.38174409143554333,0.23010006030688276,0.7307372560953721,1.5185185185185186,-0.0523643597187311,75,1.0,0.85,15,3.0,-99.0,-20.0,0.95,2.5,0.15,0.4
-0.4810391230120542,-0.17888203699196104,-0.0948358177379176,0.09191092923482236,0.061971625078056425,-0.14722892966800616,-0.2611418577155121,0.4775194516668934,0.4209201630263789,0.8546978621326234,2.759259259259259,-0.08404621925404343,80,1.1,0.85,10,-99.0,-99.0,-20.0,0.95,1.0,0.25,0.25
-0.48496185926067814,-0.17633669785380812,-0.10406017742793061,0.09445626837297527,0.05274726538804342,-0.22440595890653092,-0.2611418577155121,0.40663848567651184,0.23505287312808656,0.6658795732044469,1.1666666666666667,-0.07227652042587751,65,0.95,0.85,25,3.0,-99.0,-30.0,1.0,2.0,0.15,0.25
-0.4952354835975631,-0.08386408212267682,-0.06700541504003299,0.18692888410410657,0.08980202777594104,-0.26742184989204626,-0.2611418577155121,0.42630778247086004,0.33580662093315344,1.369830210790497,11.074074074074074,-0.01685866708264383,80,1.1,0.85,10,-99.0,-99.0,-20.0,0.0,2.5,0.12,0.5
-0.49932273537728256,-0.15949906294173233,-0.10228940371244177,0.11129390328505107,0.054518039103532256,-0.2380354545279797,-0.2611418577155121,0.373934645125271,0.2290332724242303,0.7330759462028679,1.5185185185185186,-0.057209659229290555,75,1.0,0.85,15,3.0,-99.0,-20.0,0.95,1.5,0.2,0.4
-0.5129345537570429,-0.1604725708552901,-0.10761569531255821,0.1103203953714933,0.04919174750341582,-0.23233389517516329,-0.2611418577155121,0.3462762529793108,0.21172867379651483,0.6758434115124453,1.3888888888888888,-0.052856875542731885,75,0.95,0.85,10,3.0,-99.0,-99.0,0.95,1.5,0.12,0.25
-0.5158620255564825,-0.184987566399609,-0.10693747031028011,0.08580539982717439,0.049869972505693916,-0.23556500893686771,-0.2611418577155121,0.3806648862125525,0.21170365127980129,0.6679816377743647,1.3333333333333333,-0.07805009608932889,65,1.1,0.85,15,3.0,-99.0,-99.0,1.0,2.0,0.25,0.3
-0.5179299590257025,-0.036314776250051084,-0.020015049199515467,0.2344781899767323,0.13679239361645856,-0.38953015974461214,-0.2611418577155121,0.5159388339434248,0.35117279161681303,1.4092094936353912,23.38888888888889,-0.016299727050535617,80,0.95,1.1,25,-99.0,-99.0,-99.0,0.85,2.0,0.18,0.3
-0.5212455142594252,-0.16107299705095146,-0.11140041241559429,0.10971996917583193,0.045407030400379744,-0.25227266921936553,-0.2611418577155121,0.3479759681824193,0.17999187363770958,0.6665308801763351,1.2962962962962963,-0.049672584635357175,65,1.0,0.85,10,3.0,-99.0,-99.0,1.0,3.0,0.12,0.25
-0.5218155730823635,-0.20657767565718288,-0.0851794705178297,0.06421529056960051,0.07162797229814433,-0.2734629173753275,-0.2611418577155121,0.4333279200357163,0.261929379623472,0.8390710885663963,1.7777777777777777,-0.12139820513935318,80,1.1,0.85,25,0.0,-99.0,-99.0,0.95,1.5,0.2,0.3
-0.5225471533727606,-0.15328404349268743,-0.09136066637415663,0.11750892273409597,0.0654467764418174,-0.1634301622421448,-0.2611418577155121,0.4494444061922355,0.4004571466119503,1.0663443795124035,5.055555555555555,-0.0619233771185308,60,1.1,0.85,15,0.0,-99.0,-99.0,0.9,1.0,0.2,0.5
-0.5293925291599305,-0.05678676273364536,-0.06644116276070311,0.21400620349313804,0.09036628005527092,-0.2833948442885472,-0.2611418577155121,0.4192567161959267,0.3188705859562558,1.396986210139845,25.25925925925926,0.009654400027057752,75,0.85,1.0,25,-99.0,-99.0,-20.0,0.0,2.0,0.15,0.25
-0.533364951099351,-0.06238999910572329,-0.08495367355826944,0.2084029671210601,0.07185376925770459,-0.1700839391436332,-0.2611418577155121,0.504814940535518,0.4224606369036715,1.4113135089382869,10.592592592592593,0.022563674452546145,65,1.1,0.95,10,3.0,-99.0,-30.0,0.9,1.0,0.12,0.25
-0.5353534379552081,-0.19903693717050097,-0.0989914667869316,0.07175602905628242,0.057815976029042426,-0.1430644251138884,-0.2611418577155121,0.4577007983627068,0.4041254559476769,0.8939749986842193,3.3703703703703702,-0.10004547038356937,75,1.1,0.85,25,-99.0,-99.0,-99.0,0.95,1.0,0.2,0.5
-0.5383047471320085,0.005486062079896437,-0.04654351623888542,0.27627902830667983,0.11026392657708861,-0.31563162332147565,-0.2611418577155121,0.44026523722376837,0.3493437236001638,1.3708473041921403,30.666666666666668,0.052029578318781855,70,0.85,1.0,15,-99.0,-99.0,-30.0,0.0,2.5,0.15,0.3
-0.5419150880242896,-0.12606185379782042,-0.034265972899675035,0.14473111242896297,0.122541469916299,-0.27592381737021876,-0.2611418577155121,0.42107331101051115,0.444113419001738,1.6467601724109544,17.5,-0.09179588089814539,60,0.85,1.0,10,-99.0,-99.0,-30.0,0.9,2.5,0.2,0.5
-0.5479513677471801,-0.15456989135364196,-0.09376654509765969,0.11622307487314143,0.06304089771831434,-0.2897287593183179,-0.2611418577155121,0.38966689324981807,0.21758591679555309,0.8324716150661889,1.7592592592592593,-0.06080334625598227,80,1.0,0.85,25,0.0,-99.0,-99.0,0.95,2.5,0.15,0.25
-0.5538295055703355,-0.10349196369125169,-0.03084383654358902,0.1673010025355317,0.125963606272385,-0.3122198567430452,-0.2611418577155121,0.4330055570003172,0.4034452119297851,1.5738427089780305,19.296296296296298,-0.07264812714766267,65,0.85,1.1,15,-99.0,-99.0,-30.0,0.9,2.5,0.25,0.3
-0.5544709966818941,-0.1727011267975478,-0.0837743460841276,0.0980918394292356,0.07303309673184644,-0.25345897734597655,-0.2611418577155121,0.401291543339135,0.2881456300999542,1.1036420110051037,5.425925925925926,-0.0889267807134202,65,0.85,0.85,25,-99.0,-99.0,-99.0,0.9,1.0,0.15,0.4
-0.5599512968906525,-0.01957186492987195,0.016579729064254867,0.25122110129691144,0.1733871718802289,-0.4463794781549454,-0.2611418577155121,0.5389013039004179,0.388429980242155,1.6303134340829586,16.77777777777778,-0.03615159399412682,60,0.95,1.0,25,0.0,-99.0,-20.0,0.9,2.0,0.12,0.5
-0.5602296117717203,0.09688103938921033,-0.026412895887235832,0.3676740056159937,0.1303945469287382,-0.3671700075140664,-0.2611418577155121,0.5297584643933986,0.3551339822432058,1.280356751819738,61.129629629629626,0.12329393527644616,60,1.0,1.0,10,-99.0,-99.0,-20.0,0.0,2.5,0.25,0.3
-0.5610423977082137,-0.1794742136458678,0.025643313881534846,0.0913187525809156,0.18245075669750888,-0.40569386547954034,-0.2611418577155121,0.5402393197303288,0.4497252046979993,1.4650459001468616,4.833333333333333,-0.20511752752740264,80,0.85,0.95,10,0.0,-99.0,-99.0,0.9,2.5,0.15,0.5
-0.5633479487809774,-0.1743286318759376,-0.051317087815138995,0.09646433435084578,0.10549035500083503,-0.3177976164756418,-0.2611418577155121,0.5639286367325476,0.3319419326385053,1.345736181018791,4.018518518518518,-0.12301154406079862,75,0.85,0.95,15,3.0,-99.0,-99.0,0.9,3.0,0.12,0.25
-0.5652392027841188,0.0016568645534247306,-0.03669057270691645,0.2724498307802081,0.12011687010905758,-0.3758998254779973,-0.2611418577155121,0.45199341375632524,0.3195448945907756,1.2553674868310138,53.648148148148145,0.03834743726034118,70,1.1,1.1,10,-99.0,-99.0,-30.0,0.85,3.0,0.12,0.3
-0.5662433860753433,-0.1915996334468666,-0.10951077879259152,0.0791933327799168,0.047296664023382506,-0.24971303475612355,-0.2611418577155121,0.3334834703255011,0.18940406562906778,0.709510504711509,1.1111111111111112,-0.08208885465427507,80,0.95,0.85,15,3.0,-99.0,-30.0,0.95,2.5,0.12,0.5
-0.5672146914142526,-0.13465565669370405,0.03888843551696275,0.13613730953307934,0.19569587833293678,-0.43388641717377174,-0.2611418577155121,0.5630358722759629,0.4510302018847492,1.6175105283096636,8.574074074074074,-0.1735440922106668,70,0.85,1.0,15,0.0,-99.0,-99.0,0.9,3.0,0.12,0.4
-0.5727018080092451,-0.009491453263199778,-0.05347353090484508,0.2613015129635836,0.10333391191112895,-0.3482980444996032,-0.2611418577155121,0.5390894469202231,0.2966824348944821,1.3668598554671627,7.37037037037037,0.0439820776416453,75,1.1,0.95,10,3.0,-99.0,-99.0,0.9,1.5,0.18,0.4
-0.5834549476121218,-0.029553597679160548,-0.07855587030893063,0.24123936854762285,0.0782515725070434,-0.20132961640139552,-0.2611418577155121,0.5013284873695072,0.3886739263985455,1.5696447914379428,13.537037037037036,0.04900227262977008,75,1.1,1.0,15,3.0,-99.0,-99.0,0.85,1.0,0.18,0.4
-0.5849553188883223,-0.09901648568344101,-0.11563917258426337,0.17177648054334238,0.04116827023171066,-0.25375243800467584,-0.2611418577155121,0.31325435510777394,0.16223792983203597,0.8746770640144449,1.9074074074074074,0.01662268690082236,80,1.1,0.85,10,3.0,-99.0,-30.0,0.9,1.5,0.2,0.3
-0.5856977445611521,-0.060484166823593144,-0.08737356785864514,0.21030879940319025,0.06943387495732889,-0.2630999286077755,-0.2611418577155121,0.46626786238925993,0.2639068559415675,1.461772871672076,28.09259259259259,0.026889401035051996,65,1.1,1.1,10,3.0,-99.0,-20.0,0.85,1.5,0.15,0.3
-0.6114651208172135,0.046198126278032436,-0.03968470803012192,0.31699109250481583,0.11712273478585211,-0.36873376557066795,-0.2611418577155121,0.5919696305757449,0.31763495975094125,1.492148179887108,11.592592592592593,0.08588283430815435,70,1.0,1.1,25,3.0,-99.0,-20.0,0.95,3.0,0.18,0.25
-0.6710607843217864,0.10110544734936355,-0.03161229989430092,0.37189841357614695,0.1251951429216731,-0.4109728130756314,-0.2611418577155121,0.5174861520380577,0.30463120415372447,1.2365833426656954,50.407407407407405,0.13271774724366447,70,0.95,1.1,15,-99.0,-99.0,-20.0,0.0,2.0,0.2,0.4
-0.6990979403550134,-0.16153126191860712,-0.1354009457834051,0.10926170430817628,0.021406497032568916,-0.2335365871943937,-0.2611418577155121,0.20933177475572068,0.09166228422594162,0.7867657615468374,1.8148148148148149,-0.026130316135202003,70,1.0,0.85,10,3.0,-99.0,-99.0,0.95,1.5,0.15,0.5
-0.7032750838446202,-0.2092410930648927,-0.11270671115057662,0.0615518731618907,0.04410073166539741,-0.25883241581724314,-0.2611418577155121,0.2929820201937639,0.17038334061115487,1.008016224749599,4.925925925925926,-0.09653438191431607,70,0.85,0.85,25,-99.0,-99.0,-99.0,0.9,2.5,0.15,0.25
-0.7059803685126151,-0.18497963870168377,-0.08931168929268485,0.08581332752509963,0.06749575352328918,-0.3001453151980447,-0.2611418577155121,0.46699220279708337,0.22487691829790346,1.3618494945545112,4.2407407407407405,-0.09566794940899892,60,0.85,0.95,15,3.0,-99.0,-30.0,0.95,1.5,0.15,0.4
-0.7068438769458623,-0.08067211140680297,-0.08278720268044348,0.19012085481998042,0.07402024013553055,-0.31747839830927094,-0.2611418577155121,0.4159157096196634,0.23315047741743952,1.5628824952425395,18.555555555555557,0.0021150912736405125,75,1.1,1.0,10,3.0,-99.0,-99.0,0.0,1.5,0.15,0.4
-0.7164056020107311,-0.09937451724630986,-0.09799952379063503,0.17141844898047354,0.058807919025338995,-0.30331379687494675,-0.2611418577155121,0.3883506397597105,0.19388474784608928,1.4428798498450073,6.055555555555555,-0.0013749934556748222,70,0.85,1.0,15,3.0,-99.0,-20.0,0.9,2.0,0.2,0.25
-0.7357127983839822,-0.1763040199317356,-0.10980496417948693,0.09448894629504778,0.0470024786364871,-0.30557122635311307,-0.2611418577155121,0.3062657480922899,0.15381840495077181,0.9808934089490959,4.037037037037037,-0.06649905575224868,75,0.85,0.85,25,-99.0,-99.0,-30.0,0.9,2.5,0.25,0.4
-0.7363448891549066,-0.09095585764766634,-0.10715862232685636,0.17983710857911706,0.04964882048911767,-0.3103645261884319,-0.2611418577155121,0.33259258895853194,0.1599693789069642,1.1978619756723918,8.25925925925926,0.016202764679190018,65,0.85,0.85,15,-99.0,-99.0,-30.0,0.85,1.0,0.15,0.5
-0.7364538487069907,0.016946635650481268,-0.09580655330526788,0.28773960187726466,0.06100088951070615,-0.2607260480795515,-0.2611418577155121,0.4189092851977828,0.23396545899431515,1.4997636304302049,7.796296296296297,0.11275318895574915,80,0.95,1.0,15,3.0,-99.0,-99.0,0.85,1.0,0.15,0.25
-0.7379373241385321,0.058839192638680426,-0.05551533833095679,0.3296321588654638,0.10129210448501724,-0.37544807158795807,-0.2611418577155121,0.5327483776164814,0.26978991810132935,1.4642773363613883,9.518518518518519,0.11435453096963721,75,1.0,1.1,15,3.0,-99.0,-20.0,0.95,2.5,0.25,0.25
-0.7472563917318782,0.07589009096782262,-0.06591304618355465,0.346683057194606,0.09089439663241938,-0.338740924323369,-0.2611418577155121,0.5048332497002295,0.26833013109939363,1.4633985382689443,10.75925925925926,0.14180313715137727,75,1.1,1.0,10,3.0,-99.0,-99.0,0.9,1.5,0.25,0.3
-0.7511100580040797,-0.18379090068689008,-0.13281249563136477,0.08700206553989331,0.02399494718460926,-0.18677954880182845,-0.2611418577155121,0.22029497557619757,0.12846667281581078,0.9300971940373138,4.462962962962963,-0.05097840505552531,65,1.0,0.85,10,-99.0,-99.0,-99.0,0.95,2.0,0.12,0.25
-0.7527578808540408,-0.09672367319216324,-0.08331380856337112,0.17406929303462015,0.07349363425260291,-0.32498571462312525,-0.2611418577155121,0.39910015326030956,0.2261441994083677,1.5931838159556426,16.074074074074073,-0.013409864628792123,75,1.0,1.0,25,3.0,-99.0,-99.0,0.0,1.5,0.25,0.4
-0.7560141953638675,-0.09529592534254028,-0.11329466492484075,0.17549704088424312,0.04351277789113328,-0.23258525478463224,-0.2611418577155121,0.30387530015697006,0.1870831318667426,1.4559148205356303,19.25925925925926,0.01799873958230047,65,1.1,0.85,10,-99.0,-99.0,-30.0,0.0,1.5,0.12,0.5
-0.7579115404742518,-0.022052241318302634,-0.12201473031427645,0.24874072490848076,0.034792712501697576,-0.25928416309680297,-0.2611418577155121,0.2595492886397253,0.1341875727624283,0.9988825818034492,3.7777777777777777,0.09996248899597382,75,0.85,0.85,10,0.0,-99.0,-20.0,0.85,2.5,0.2,0.5
-0.7641032271252591,0.08339037745228839,-0.057555387221251975,0.3541833436790718,0.09925205559472206,-0.3531381789705884,-0.2611418577155121,0.5009045340414485,0.28105727872314934,1.5313184602576086,6.851851851851852,0.14094576467354036,80,1.0,1.0,15,3.0,-99.0,-20.0,0.9,2.5,0.12,0.4
-0.7671436290273572,-0.20069137563249373,-0.12848227047420013,0.07010159059428966,0.028325172341773897,-0.28178321320211974,-0.2611418577155121,0.2408839362422999,0.10052114893535757,0.8672156637339928,3.0925925925925926,-0.0722091051582936,60,1.1,0.85,25,0.0,-99.0,-30.0,0.95,1.5,0.15,0.25
-0.7838035093180993,-0.1684657304513244,-0.14111523640267798,0.10232723577545899,0.01569220641329605,-0.1876649373596322,-0.2611418577155121,0.17405043403114792,0.08361821144684183,0.9300576222477162,4.425925925925926,-0.027350494048646423,65,1.0,0.85,10,-99.0,-99.0,-20.0,0.95,2.0,0.12,0.25
-0.7920722221737009,-0.15660322759259726,-0.13307514966181277,0.11418973863418613,0.023732293154161255,-0.26654084143849344,-0.2611418577155121,0.2137435977114025,0.0890381114807041,1.1077245900180133,5.796296296296297,-0.023528077930784486,70,0.95,0.85,25,-99.0,-99.0,-30.0,0.9,1.0,0.18,0.5
-0.8005244168134147,-0.01853376076802249,-0.07277047674403292,0.2522592054587609,0.08403696607194111,-0.3727125965107578,-0.2611418577155121,0.4140668013706872,0.2254739090083732,1.4636590565204162,40.148148148148145,0.05423671597601043,60,0.85,1.0,10,-99.0,-99.0,-99.0,0.0,1.5,0.25,0.5
-0.813808860560163,-0.1036304007343376,-0.11772058907875627,0.1671625654924458,0.039086853737217764,-0.290966728487304,-0.2611418577155121,0.2706612021517476,0.1343344441490783,1.3483905847766977,21.425925925925927,0.014090188344418664,60,1.1,0.85,10,-99.0,-99.0,-20.0,0.0,2.0,0.2,0.25
-0.8163769649799962,-0.1357615351254262,-0.11733173877246972,0.13503143110135718,0.03947570404350431,-0.31966926593215694,-0.2611418577155121,0.28474555639817944,0.12348920665986762,1.1797939176765366,8.592592592592593,-0.018429796352956496,70,0.95,0.85,15,-99.0,-99.0,-30.0,0.85,1.5,0.25,0.4
-0.8209755350747528,-0.02978318980191874,-0.10847781514782784,0.24100977642486465,0.04832962766814619,-0.29562526072913026,-0.2611418577155121,0.336051697273832,0.1634827401046378,1.3580956391573737,7.462962962962963,0.0786946253459091,65,1.1,0.95,10,3.0,-99.0,-30.0,0.95,1.5,0.25,0.25
-0.8259111079298893,-0.18985742354088297,-0.14021990960176667,0.08093554268590042,0.01658753321420736,-0.2557688734836331,-0.2611418577155121,0.1862305241868283,0.06485360391310015,1.028364058923735,5.055555555555555,-0.04963751393911631,60,1.1,0.85,25,0.0,-99.0,-30.0,0.9,2.0,0.15,0.3
-0.8282620316790861,-0.08244960386456146,-0.0903996305698378,0.18834336236222193,0.06640781224613623,-0.3549054256359364,-0.2611418577155121,0.3329898730342236,0.18711410829277564,1.458937611235739,21.74074074074074,0.007950026705276336,65,0.85,1.0,25,-99.0,-99.0,-99.0,0.85,2.0,0.2,0.25
-0.83160446390218,-0.1545456505769871,-0.14381876094801171,0.11624731564979629,0.012988681867962315,-0.21865834765973757,-0.2611418577155121,0.15750613696645513,0.05940171965524266,1.0811853298812848,6.518518518518518,-0.010726889628975389,65,0.95,0.85,10,-99.0,-99.0,-30.0,0.9,1.5,0.12,0.25
-0.8364698172455556,-0.1454930993691177,-0.13370293971446667,0.1252998668576657,0.023104503101507357,-0.2779482382425643,-0.2611418577155121,0.2145644549843304,0.08312520074814847,1.2117912172369958,7.87037037037037,-0.011790159654651022,60,1.0,0.85,15,-99.0,-99.0,-99.0,0.9,1.5,0.12,0.5
-0.8469900486018884,-0.1420038714978087,-0.1263534845839005,0.1287890947289747,0.03045395823207353,-0.18067402334266014,-0.2611418577155121,0.2651348217077397,0.16855748086328715,1.5283104473541604,16.75925925925926,-0.015650386913908187,65,0.85,1.1,10,3.0,-99.0,-30.0,0.0,1.0,0.15,0.25
-0.8513900798249039,0.029847742238919617,-0.13157240264886072,0.300640708465703,0.02523504016711331,-0.24097815877697076,-0.2611418577155121,0.2197987642383399,0.10471920067440117,0.9119323548695021,3.2037037037037037,0.16142014488778034,80,0.85,0.85,25,0.0,-99.0,-99.0,0.85,1.5,0.18,0.25
-0.8530986087207557,-0.05308886997057227,-0.10555954462123451,0.21770409625621112,0.051247898194739516,-0.288593890367788,-0.2611418577155121,0.340166596621677,0.17757790412481878,1.645229961971474,9.75925925925926,0.05247067465066224,70,0.85,1.1,25,3.0,-99.0,-99.0,0.85,2.5,0.18,0.4
-0.8648732214136495,-0.07268659375625064,-0.10853440843700368,0.19810637247053275,0.04827303437897035,-0.30988055544895554,-0.2611418577155121,0.30893938344488575,0.15577948835489946,1.506266897468126,19.72222222222222,0.03584781468075304,80,1.1,1.1,15,3.0,-99.0,-99.0,0.0,3.0,0.25,0.3
-0.8725042634331384,-0.08152837387203493,-0.14366017540469622,0.18926459235474846,0.013147267411277808,-0.28668848445363737,-0.2611418577155121,0.16914030210139192,0.04585907046923594,0.8973621928537922,2.5925925925925926,0.06213180153266129,70,0.95,0.85,25,3.0,-99.0,-20.0,0.9,2.0,0.12,0.4
-0.8793196107656158,-0.08760137681236135,-0.15020119341504468,0.18319158941442204,0.006606249400929354,-0.2623192936431529,-0.2611418577155121,0.13781032063442025,0.02518400118108046,0.9415510298822746,2.5,0.06259981660268332,75,0.85,0.85,15,3.0,-99.0,-99.0,0.85,2.5,0.12,0.25
-0.8820393611658565,0.07379671609346894,-0.06989836213544609,0.34458968232025233,0.08690908068052794,-0.3756243211261431,-0.2611418577155121,0.4582967350754631,0.2313723467638346,1.5297809170387557,6.925925925925926,0.14369507822891503,80,1.0,1.0,10,3.0,-99.0,-30.0,0.9,2.0,0.18,0.4
-0.9137616756601012,-0.06165082284890433,-0.11173251873856183,0.20914214337787906,0.045074924077412204,-0.34919313737503943,-0.2611418577155121,0.29034759452606407,0.12908307538988362,1.2860704758672463,11.5,0.050081695889657496,65,1.1,0.85,15,0.0,-99.0,-20.0,0.0,3.0,0.2,0.3
-0.921551693264403,-0.21527738456895218,-0.16876830054466763,0.055515581657831214,-0.011960857728693597,-0.19106954475419113,-0.2611418577155121,0.014155898757127777,-0.06259949875361408,0.6901578548000392,1.3703703703703705,-0.04650908402428455,65,0.85,0.85,15,3.0,-99.0,-20.0,0.95,1.0,0.12,0.4
-0.9255313643201614,-0.09110587634477296,-0.15677241251553542,0.17968708988201043,3.5030300438609885e-05,-0.25994914543522335,-0.2611418577155121,0.1024388642389158,0.0001347582827401103,0.9466487006890505,2.6666666666666665,0.06566653617076246,80,1.1,0.85,10,3.0,-99.0,-99.0,0.85,2.0,0.18,0.3
-0.9349015106733327,-0.08364651887846541,-0.15549169010527786,0.18714644734831798,0.001315752710696172,-0.25282045721634855,-0.2611418577155121,0.10741784254655697,0.005204296856287345,0.9826616676622911,2.6481481481481484,0.07184517122681244,80,1.1,0.85,10,3.0,-99.0,-20.0,0.85,1.5,0.25,0.5
-0.9397816899128211,0.0902357614987579,-0.07946312520386134,0.3610287277255413,0.07734431761211269,-0.34906401337192355,-0.2611418577155121,0.4172888416931409,0.22157631451312984,1.6167680397616802,8.055555555555555,0.16969888670261923,80,0.95,1.1,15,3.0,-99.0,-99.0,0.9,2.5,0.18,0.4
-0.9526773255367973,0.0010128666491888705,-0.07746835202243485,0.27180583287597226,0.07933909079353918,-0.4361352820127623,-0.2611418577155121,0.42200862327966027,0.18191394749672543,1.4178005394025466,6.462962962962963,0.07848121867162372,75,1.0,0.95,25,3.0,-99.0,-99.0,0.9,2.0,0.25,0.5
-0.955812530259918,-0.0018616330055007957,-0.10575579864638796,0.2689313332212826,0.051051644169586075,-0.3606899209538095,-0.2611418577155121,0.3064519872647543,0.14153887093541442,1.276750123964205,53.629629629629626,0.10389416564088716,70,1.1,1.1,25,-99.0,-99.0,-99.0,0.85,2.5,0.18,0.3
-0.9561877695848668,-0.016503119504840402,-0.09697883885131153,0.254289846721943,0.0598286039646625,-0.4001608362206219,-0.2611418577155121,0.3783529051524862,0.14951139279326428,1.3297839679972439,6.388888888888889,0.08047571934647113,75,1.0,0.95,10,3.0,-99.0,-20.0,0.9,1.5,0.18,0.25
-0.9583976383974694,-0.01436281255617411,-0.10335833313289533,0.2564301536706093,0.0534491096830787,-0.3617003487577025,-0.2611418577155121,0.34545729666806674,0.14777179470977905,1.4252681717960647,7.388888888888889,0.08899552057672122,65,1.1,0.95,10,3.0,-99.0,-20.0,0.95,2.5,0.25,0.4
-0.9629006854530374,-0.17449976232374742,-0.17068696914909331,0.09629320390303597,-0.013879526333119285,-0.25215541393895324,-0.2611418577155121,0.03020099943624611,-0.05504353888859795,0.9714683846671106,3.6296296296296298,-0.0038127931746541055,60,1.1,0.85,15,3.0,-99.0,-99.0,0.9,2.0,0.2,0.3
-0.9834036404989703,-0.09957888856697839,-0.16555935909007458,0.171214077659805,-0.008751916274100546,-0.2580245552494024,-0.2611418577155121,0.058141661106854446,-0.03391892785413809,0.9475218805633434,2.6481481481481484,0.06598047052309619,80,1.1,0.85,25,3.0,-99.0,-99.0,0.85,2.5,0.2,0.3
-0.9851426288381573,-0.04596444844935155,-0.1512878223290055,0.22482851777743185,0.005519620486968524,-0.26163755764272556,-0.2611418577155121,0.13263117212801714,0.02109643789943087,1.1333071728402102,6.944444444444445,0.10532337387965396,60,1.0,0.85,10,0.0,-99.0,-99.0,0.85,2.0,0.18,0.5
-0.990937593451122,-0.08900996723510435,-0.1091631741564476,0.18178299899167905,0.04764426865952642,-0.3741123407952602,-0.2611418577155121,0.31829231025021243,0.12735283887788298,1.5577895962319945,9.12962962962963,0.02015320692134326,80,0.85,1.1,25,3.0,-99.0,-20.0,0.0,2.0,0.2,0.25
-1.0291041049907321,-0.009564506237417003,-0.10922219355032525,0.2612284599893664,0.04758524926564878,-0.3755531749604884,-0.2611418577155121,0.3297227173266969,0.12670708820569865,1.4286545588330628,23.87037037037037,0.09965768731290825,70,1.1,1.1,25,3.0,-99.0,-20.0,0.85,2.5,0.18,0.25
-1.0374820840864203,-0.0149367611394573,-0.1176261630072164,0.2558562050873261,0.03918127980875763,-0.34441821241223336,-0.2611418577155121,0.3043468678863839,0.11376076640761856,1.4996958491318169,20.703703703703702,0.1026894018677591,60,1.0,1.1,25,3.0,-99.0,-30.0,0.9,1.5,0.25,0.25
-1.037649960206398,0.0019591965911036624,-0.10738386457162208,0.27275216281788706,0.04942357824435195,-0.3690780552957482,-0.2611418577155121,0.3199054062361634,0.13391090999639096,1.4761724957159783,9.425925925925926,0.10934306116272574,75,1.1,0.95,10,3.0,-99.0,-20.0,0.85,3.0,0.15,0.4
-1.0738013963454838,-0.14157342045281207,-0.15161260402443055,0.12921954577397132,0.005194838791543477,-0.338393982890541,-0.2611418577155121,0.12754411249255276,0.015351451427030342,1.2219320085745389,10.61111111111111,0.010039183571618482,65,1.1,0.85,25,-99.0,-99.0,-99.0,0.85,3.0,0.15,0.3
-1.1068419965773229,-0.1593196675528079,-0.177006484941855,0.11147329867397548,-0.020199042125880973,-0.2762529301380343,-0.2611418577155121,-0.03692729166657484,-0.07311792897830328,1.1081448291417464,6.148148148148148,0.017686817389047094,70,1.0,0.85,10,-99.0,-99.0,-99.0,0.9,1.5,0.15,0.5
-1.1405874987850741,-0.12119491501623458,-0.1484489639640072,0.1495980512105488,0.008358478851966833,-0.37783047499179057,-0.2611418577155121,0.14905481112721689,0.022122299298775315,1.2022925499744141,9.722222222222221,0.027254048947772613,65,0.95,0.85,25,-99.0,-99.0,-30.0,0.85,3.0,0.12,0.5
-1.14079569185909,0.030541220347603648,-0.10304354560623219,0.30133418657438704,0.05376389720974184,-0.4198783900660331,-0.2611418577155121,0.3594137346714314,0.12804635456777508,1.5242351537166638,7.777777777777778,0.13358476595383584,75,0.95,1.0,15,3.0,-99.0,-99.0,0.9,1.5,0.12,0.5
-1.1432965621994633,-0.02087156730570383,-0.0864696676892518,0.24992139892107956,0.07033777512672224,-0.48696664992534855,-0.2611418577155121,0.3389906715149906,0.14444064113529118,1.4988851413224356,17.75925925925926,0.06559810038354796,65,0.95,0.95,10,-99.0,-99.0,-99.0,0.9,1.5,0.25,0.4
-1.1456705516487489,0.0070647517203046295,-0.13089504336564262,0.277857717947088,0.025912399450331414,-0.3555316923199137,-0.2611418577155121,0.22982377271351093,0.07288351505669705,1.367542667493945,7.462962962962963,0.13795979508594725,65,1.1,0.95,10,3.0,-99.0,-30.0,0.95,3.0,0.12,0.25
-1.169687023181644,0.03775328865614669,-0.11679714057719304,0.3085462548829301,0.04001030223878099,-0.36454009131880444,-0.2611418577155121,0.2905628208658856,0.10975556102494755,1.6214432495529683,16.35185185185185,0.15455042923333973,65,1.0,1.0,25,3.0,-99.0,-20.0,0.85,2.0,0.15,0.5
-1.1836210393408297,0.03217891028137165,-0.11845410384799782,0.30297187650815505,0.038353338967976214,-0.3981676933023548,-0.2611418577155121,0.2807842044933483,0.09632458788878186,1.4183734696415262,5.648148148148148,0.15063301412936947,65,0.95,0.95,10,3.0,-99.0,-20.0,0.95,3.0,0.15,0.4
-1.1879523529927893,0.08440179365520595,-0.1064033540634215,0.35519475988198934,0.050404088752552534,-0.4118630603941649,-0.2611418577155121,0.33516449570673024,0.1223806978569876,1.458912105055118,5.833333333333333,0.19080514771862744,80,0.95,1.0,25,3.0,-99.0,-20.0,0.9,2.0,0.15,0.3
-1.1879616075511943,0.09613472385896893,-0.10331719252244209,0.3669276900857523,0.05349025029353194,-0.4067704838318688,-0.2611418577155121,0.3510567502116966,0.13149983201741147,1.531706813177166,5.407407407407407,0.19945191638141102,75,0.95,1.0,15,3.0,-99.0,-20.0,0.95,2.5,0.12,0.5
-1.1894716397952727,-0.1110568684484472,-0.17624401527933076,0.1597360977783362,-0.019436572463356727,-0.3254219616557741,-0.2611418577155121,0.0010214535075401456,-0.059727291804344815,0.9708631690677079,4.592592592592593,0.06518714683088356,65,1.1,0.85,15,0.0,-99.0,-99.0,0.9,2.5,0.18,0.3
-1.1954728410816045,-0.2012341592359157,-0.19248946160943103,0.0695588069908677,-0.035682018793457004,-0.2853032061981011,-0.2611418577155121,-0.12383808284330691,-0.12506700947721242,1.0217618621018805,4.592592592592593,-0.008744697626484665,65,1.1,0.85,25,-99.0,-99.0,-20.0,0.95,2.5,0.25,0.5
-1.1985982073468089,0.08823598728013127,-0.12944953771952794,0.35902895350691466,0.02735790509644609,-0.3224014026878094,-0.2611418577155121,0.2339444151904153,0.08485665654171343,1.5252254970655035,10.851851851851851,0.2176855249996592,60,1.0,1.0,25,3.0,-99.0,-99.0,0.95,2.5,0.25,0.25
-1.2046912866471624,-0.13318107402262025,-0.19117309606517408,0.13761189220416314,-0.034365653249200045,-0.2427475131395567,-0.2611418577155121,-0.07607239897600143,-0.14156953784916046,1.1465689361863722,5.074074074074074,0.057992022042553826,60,1.1,0.85,15,3.0,-99.0,-30.0,0.85,2.0,0.15,0.4
-1.2154706676267835,-0.0027119485879869565,-0.08348731624407013,0.26808101763879644,0.0733201265719039,-0.5455188534881407,-0.2611418577155121,0.34848175916416274,0.13440438603190796,1.3541097434374803,39.98148148148148,0.08077536765608317,60,0.85,1.0,25,-99.0,-99.0,-99.0,0.0,3.0,0.15,0.25
-1.2159891064359196,-0.12247965936328753,-0.10509443497431503,0.14831330686349586,0.051713007841659,-0.48760736091207657,-0.2611418577155121,0.2941233589736981,0.10605460866080667,1.5745227174780243,17.59259259259259,-0.017385224388972498,60,0.85,1.0,10,-99.0,-99.0,-99.0,0.9,2.0,0.15,0.4
-1.2430904718097135,-0.1494589374564086,-0.19876843589033744,0.1213340287703748,-0.041960993074363406,-0.24413959950085218,-0.2611418577155121,-0.11099354080381192,-0.17187294957537988,1.1440348647084302,5.092592592592593,0.049309498433928844,60,1.1,0.85,10,3.0,-99.0,-30.0,0.85,2.0,0.25,0.4
-1.2465543624567856,-0.028355269981207964,-0.1450073344820113,0.24243769624557543,0.011800108333962722,-0.37260147188133597,-0.2611418577155121,0.1943665325471596,0.03166951615725435,1.4137899932328977,17.796296296296298,0.11665206450080334,65,0.95,0.85,10,-99.0,-99.0,-20.0,0.0,3.0,0.12,0.5
-1.2516573438342524,0.07283329808800398,-0.14220729691243728,0.3436262643147874,0.014600145903536754,-0.35340799332500134,-0.2611418577155121,0.228271818644649,0.041312438256341746,1.3246373309580273,56.907407407407405,0.21504059500044126,60,1.1,1.1,10,-99.0,-99.0,-30.0,0.9,3.0,0.18,0.25
-1.2787667075083953,-0.13358263831632322,-0.1720046717869087,0.13721032791046017,-0.015197228970934673,-0.32838781481154433,-0.2611418577155121,0.011631691950573607,-0.04627829744430706,1.4121663955779917,6.5,0.03842203347058548,70,0.85,0.95,25,3.0,-99.0,-30.0,0.85,1.5,0.18,0.25
-1.2989825622481808,-0.1403262224272619,-0.19041056458343586,0.1304667437995215,-0.03360312176746183,-0.3146775640396172,-0.2611418577155121,-0.09559375362355026,-0.1067858837347275,1.107958907660927,6.222222222222222,0.05008434215617397,80,1.1,0.85,15,-99.0,-99.0,-30.0,0.85,2.5,0.2,0.5
-1.3165247596448857,0.0019802243484290383,-0.14872281262052178,0.27277319057521243,0.008084630195452247,-0.34916159861683516,-0.2611418577155121,0.13974596434596992,0.02315440823812988,1.5492132418806224,14.222222222222221,0.15070303696895082,65,0.95,1.0,15,3.0,-99.0,-30.0,0.85,1.5,0.12,0.3
-1.3172319079582204,-0.006782690873816222,-0.15106531893985675,0.26401027535296717,0.005742123876117278,-0.34715082178782614,-0.2611418577155121,0.13959681581407074,0.016540718084852427,1.554894946317201,32.22222222222222,0.14428262806604053,60,1.1,1.1,15,3.0,-99.0,-20.0,0.85,2.5,0.12,0.5
-1.3298955552580236,0.1280501472683846,-0.12035416589082693,0.398843113495168,0.036453276925147104,-0.4118397444987888,-0.2611418577155121,0.27603772845005486,0.08851325645976918,1.4556588973132614,5.462962962962963,0.24840431315921152,75,0.95,1.0,10,3.0,-99.0,-99.0,0.95,2.5,0.18,0.3
-1.3377563400281092,0.05484553803362924,-0.14623580676402437,0.32563850426041263,0.010571636051949662,-0.3521429091668937,-0.2611418577155121,0.16734709109419624,0.03002086873468569,1.51134403606231,10.481481481481481,0.2010813447976536,80,1.1,1.0,15,3.0,-99.0,-30.0,0.85,2.0,0.18,0.3
-1.40038050942452,-0.12199132743835839,-0.1561217596916047,0.148801638788425,0.0006856831243693406,-0.4391135614437484,-0.2611418577155121,0.1237547491910408,0.001561516620244894,1.49232335181301,18.425925925925927,0.0341304322532463,65,1.0,0.95,15,3.0,-99.0,-99.0,0.0,1.5,0.2,0.3
-1.4129594950886943,-0.03490291676747992,-0.11481635272830326,0.23589004945930347,0.04199109008767077,-0.5284634362620558,-0.2611418577155121,0.2792147937659009,0.07945883708565245,1.5958162933484032,20.0,0.07991343596082334,60,0.95,0.95,15,-99.0,-99.0,-99.0,0.9,2.5,0.15,0.5
-1.416671644649496,0.0327099307823957,-0.15280683921606464,0.3035028970091791,0.004000603599909391,-0.3939842729369796,-0.2611418577155121,0.13818535197133597,0.010154221563431074,1.4111178777650342,10.61111111111111,0.18551676999846034,65,1.1,0.95,15,3.0,-99.0,-99.0,0.9,2.5,0.12,0.25
-1.4254031838219838,-0.21755770962203358,-0.19906635138469608,0.053235256604749814,-0.04225890856872205,-0.3381410667563234,-0.2611418577155121,-0.152299039427086,-0.12497419782251809,1.268328274168988,8.11111111111111,-0.018491358237337496,60,1.1,0.85,15,-99.0,-99.0,-30.0,0.9,2.5,0.18,0.4
-1.4259551160998338,0.12693332054305762,-0.1422532276098034,0.397726286769841,0.014554215206170618,-0.35763847310606417,-0.2611418577155121,0.1816854881387932,0.040695328664638104,1.6186839026535054,9.61111111111111,0.269186548152861,70,1.1,1.0,10,3.0,-99.0,-30.0,0.95,3.0,0.15,0.5
-1.457552367286508,0.0492400674812743,-0.15118225617652215,0.3200330337080577,0.005625186639451885,-0.38749365504663463,-0.2611418577155121,0.1453413726391558,0.014516848382394537,1.5745603685998533,10.11111111111111,0.20042232365779644,75,0.95,1.0,25,3.0,-99.0,-99.0,0.85,2.0,0.15,0.3
-1.507991300380449,0.04358121697943229,-0.14584059163174667,0.3143741832062157,0.010966851184227355,-0.4438801173668002,-0.2611418577155121,0.17011279164104498,0.024706786258607977,1.5159566725340994,7.796296296296297,0.18942180861117897,70,1.0,0.95,25,3.0,-99.0,-30.0,0.9,2.0,0.18,0.5
-1.5106772770671297,-0.008612123104929648,-0.15802582073531346,0.26218084312185375,-0.0012183779193394306,-0.43638310358257737,-0.2611418577155121,0.12329164320769374,-0.0027919915077758628,1.4677454212173617,8.5,0.1494136976303838,75,1.0,0.95,25,3.0,-99.0,-30.0,0.85,2.5,0.2,0.3
-1.6158197355948474,-0.2018342202699437,-0.22233537912928392,0.0689587459568397,-0.06552793631330989,-0.3926053881546995,-0.2611418577155121,-0.23968824710104503,-0.16690534131816276,1.0773529192982476,6.12962962962963,0.02050115885934023,70,1.0,0.85,10,-99.0,-99.0,-30.0,0.9,2.5,0.25,0.3
-1.6878105019361844,0.04492730012273771,-0.17866209438542346,0.3157202663495211,-0.021854651569449435,-0.4136717503562699,-0.2611418577155121,0.01401358829728244,-0.05283090167657659,1.5050657958448506,12.537037037037036,0.22358939450816118,60,0.95,0.95,25,3.0,-99.0,-30.0,0.85,3.0,0.12,0.4
-1.705706019012355,-0.009162926625071677,-0.21483459875239153,0.2616300396017117,-0.058027155936417496,-0.3651453918991177,-0.2611418577155121,-0.0536130491033982,-0.15891520808908147,1.3529411965218625,8.61111111111111,0.20567167212731985,70,0.85,0.85,25,0.0,-99.0,-30.0,0.0,3.0,0.2,0.5
-1.728230105469357,0.12641548474550657,-0.17297155391104357,0.39720845097228996,-0.016164111095069544,-0.4177494745886503,-0.2611418577155121,0.050236913771626375,-0.03869331280664333,1.4962002476938983,22.48148148148148,0.29938703865655014,60,1.1,1.0,25,3.0,-99.0,-30.0,0.85,3.0,0.2,0.25
-1.7749276294004088,0.061000963978493195,-0.17856364875296515,0.3317939302052766,-0.021756205936991124,-0.45454384760573413,-0.2611418577155121,0.010350328392286305,-0.04786382227279027,1.46493202024263,8.296296296296296,0.23956461273145835,65,0.95,0.95,25,3.0,-99.0,-30.0,0.9,2.0,0.12,0.4
-1.8339277185486234,-0.14266212717267002,-0.21464040035991427,0.12813083905411338,-0.057832957543940244,-0.4396031349301544,-0.2611418577155121,-0.18611434296692378,-0.131557200002973,1.5113603933632513,14.74074074074074,0.07197827318724426,65,0.85,1.0,10,3.0,-99.0,-30.0,0.0,1.5,0.18,0.25
-1.8607715344491964,-0.1442939243195862,-0.24561627146537335,0.12649904190719718,-0.08880882864939932,-0.36798182848802297,-0.2611418577155121,-0.3631946760485643,-0.24134025588790686,1.2723560729087067,9.074074074074074,0.10132234714578714,60,1.1,0.85,15,3.0,-99.0,-99.0,0.0,1.5,0.12,0.5
-1.98889439313013,0.027504085746684392,-0.2397554835356438,0.2982970519734678,-0.08294804071966977,-0.40750087805172547,-0.2611418577155121,-0.26637250114894134,-0.2035530355572409,1.1223619948610972,4.296296296296297,0.2672595692823282,80,1.0,0.85,15,3.0,-99.0,-20.0,0.0,1.5,0.18,0.5
