ticker,rs_pct,vol_trend,adtv_63m,vol_contraction,close,rev_latest_q,rev_ttm,rev_yoy_pct,rev_prior_yoy_pct,rev_accel,latest_q_date,concept
AAOI,98.6909090909091,1.0743321757741264,1693.4734979057555,0.9862186460939633,113.27999877929688,,,,,,,
ABNB,85.16363636363636,1.2786588311529574,671.2882354952616,1.3959523084195455,184.39999389648438,3.608,18.845,16.5374677002584,17.869718309859156,-1.3322506096007558,2026-06-30,RevenueFromContractWithCustomerExcludingAssessedTax
AG,90.32727272727273,0.9129108334226311,194.82779887520323,0.9010976399304559,21.739999771118164,,,,,,,
AIR,85.89090909090909,0.8191160615446746,61.88799606783428,0.9678134817584602,135.89999389648438,,,,,,,
ALAB,93.16363636363636,0.8292830378295833,1813.252915686035,0.7375959403856688,304.0899963378906,0.3924,1.123261,104.45486518171161,93.40010787621831,11.054757305493297,2026-06-30,RevenueFromContractWithCustomerExcludingAssessedTax
ALM,98.25454545454545,1.0875394219115004,99.8327887248024,0.8317304927195971,18.889999389648438,,,,,,,
AMAT,95.12727272727273,0.7561035354468878,5341.155015706284,0.5580596333532315,482.3599853515625,5.162,25.795,24.02691013935608,251.31948343627175,-227.29257329691566,2021-01-31,Revenues
AMD,97.45454545454545,0.8300856580704223,14111.355155646916,0.7219081282380636,476.6700134277344,,,,,,,
AMG,83.27272727272728,0.8497104999443269,105.9639748668368,0.7527009928570064,370.4800109863281,0.6407,2.2068,29.906731549067317,9.72613773660894,20.180593812458376,2026-06-30,RevenueFromContractWithCustomerExcludingAssessedTax
AMGN,81.6,0.9471182658941194,1015.1029668681796,1.0112367699654194,436.989990234375,6.526,37.423,5.15630035449565,-4.220094140561597,9.376394495057246,2021-06-30,Revenues
AMRX,90.25454545454545,0.869321053658797,33.84305129651872,0.9041889323067626,18.010000228881836,,,,,,,
ANET,86.47272727272727,0.9928579519601274,1407.1666421389382,0.8658933926682136,201.08999633789062,3.0357,10.2578,37.68595791001451,35.125698324022345,2.5602595859921635,2026-06-30,RevenueFromContractWithCustomerExcludingAssessedTax
APA,90.69090909090909,1.0529076502122385,205.51555705077462,1.1038771340090618,42.380001068115234,,,,,,,
ARGX,85.81818181818181,0.9240570048970257,303.6350295615544,1.2119819348516048,1058.9000244140625,,,,,,,
ARMK,83.12727272727273,1.0371968876194229,145.4961512843783,1.4551723878960148,58.880001068115234,5.057909,19.423251,9.325895810849397,-44.43292240491411,53.758818215763505,2026-07-03,RevenueFromContractWithCustomerIncludingAssessedTax
ARW,83.05454545454546,1.0703013243505144,127.28663351864284,1.1764428066570622,208.9600067138672,9.992237,49.152237,31.824628852945807,39.030295932634154,-7.205667079688347,2026-07-04,Revenues
ATI,95.27272727272728,0.9334013101414843,330.1203410704113,1.0457014623225187,214.52000427246094,0.9873,4.1942,-10.16378525932666,-14.060980998674328,3.8971957393476675,2014-03-31,Revenues
AU,91.49090909090908,0.998102686676009,286.2161008602324,1.0834033245897232,118.4000015258789,,,,,,,
AUGO,96.50909090909092,0.9514765730981947,70.46394323616028,0.8895282872352189,89.12000274658203,,,,,,,
AVT,86.32727272727273,1.0294367303751841,116.06457699329437,1.0851790225808864,91.5199966430664,7.119779,24.652729,33.94567092778881,-43.918927793973765,77.86459872176258,2026-03-28,RevenueFromContractWithCustomerExcludingAssessedTax
AXSM,81.67272727272727,0.7964520104318917,201.22755513494582,0.9736221619861177,206.27000427246094,,,,,,,
B,83.41818181818181,1.1163149560721213,441.93637000951617,1.0701790188443956,47.31999969482422,,,,,,,
BBVA,84.94545454545455,1.0955744933390945,41.074561197635106,0.4037920502480097,28.690000534057617,,,,,,,
BE,98.10909090909091,0.8980581381664117,3516.9063423337907,0.603411041359803,217.8300018310547,0.751054,2.724628,130.36982280282558,277.2139140856964,-146.8440912828708,2026-03-31,Revenues
BHP,85.67272727272727,1.015209490925445,240.73013563066513,0.8534212437259475,96.37000274658203,,,,,,,
BIO,81.38181818181818,0.8730416958141503,99.3611799544077,0.8368004217155707,389.94000244140625,0.651,3.7847,-0.09208103130755065,1.1445165698667576,-1.2365976011743083,2026-06-30,RevenueFromContractWithCustomerExcludingAssessedTax
BLTE,90.76363636363637,0.8747094313996918,30.952567577616374,0.9582762311931325,157.00999450683594,,,,,,,
BNS,80.65454545454546,0.8820956156457267,222.9713682071504,1.307168702912265,92.93000030517578,,,,,,,
BRKR,87.2,1.0434644867920462,141.7025201093946,1.372541207646521,59.25,0.5211,1.9393,11.680240034290614,-44.002741603838246,55.68298163812886,2019-09-30,Revenues
BTSG,94.39999999999999,0.7562780860617752,248.3602222112807,1.4711359582159032,60.900001525878906,2.906823,10.4702,28.818331162595296,26.006357985604073,2.8119731769912235,2024-09-30,Revenues
BVN,85.45454545454545,0.9827740230925307,37.926906828789484,0.7541891849169184,36.29999923706055,,,,,,,
CAKE,93.30909090909091,1.1123811873591474,148.58313566662017,1.0203450193287213,110.08999633789062,1.029633,3.871517,7.721915622629666,5.569043040475757,2.1528725821539094,2026-06-30,RevenueFromContractWithCustomerExcludingAssessedTax
CAT,84.36363636363636,0.8462057820298211,2943.0506548607236,0.7426480447250444,817.0,20.543,72.165,23.984549459834632,22.219103094954033,1.7654463648805994,2026-06-30,Revenues
CDE,83.2,1.047710781381648,663.238017936743,1.0610503151780883,22.209999084472656,0.148795,0.696634,-6.9566033016508255,13.67326467834693,-20.629867979997755,2018-09-30,Revenues
CHRD,81.0909090909091,0.9421893937185291,103.24032183088273,0.9662626655056932,145.99000549316406,,,,,,,
CHYM,86.54545454545455,1.427721837498078,170.06690145092617,1.2138921973436143,33.36000061035156,0.669768,2.388823,26.814213413260273,24.798937433493208,2.0152759797670647,2026-06-30,Revenues
CIB,92.21818181818182,0.8873482581587823,30.01574479691036,1.0804569688568935,98.62999725341797,,,,,,,
CMBT,92.72727272727272,0.9571207275713849,16.787787243800693,0.6991102523892195,18.280000686645508,,,,,,,
CNC,93.45454545454545,0.8118398963774722,317.1041468348972,0.9607221764135784,65.33000183105469,53.579,297.317,9.923679783349062,7.129987129987129,2.7936926533619326,2026-06-30,Revenues
COGT,94.9090909090909,0.7652972719733085,90.5294341758395,1.2718514129217635,37.09000015258789,0.000312,0.008891,-69.41176470588235,-91.47149087384913,22.059726167966787,2020-09-30,RevenueFromContractWithCustomerIncludingAssessedTax
COHR,95.7090909090909,1.2439991683955476,2113.3751632054405,1.1175805231681215,295.3900146484375,0.294746,1.082706,20.310873638193048,-37.91221638409854,58.223090022291586,2018-03-31,Revenues
CORT,97.0909090909091,0.8488368363414757,104.0539627472045,0.531176791028016,116.93000030517578,0.256147,1.174762,31.742529445044486,4.8907858078797055,26.85174363716478,2026-06-30,RevenueFromContractWithCustomerExcludingAssessedTax
CRGY,84.87272727272727,0.9514736411720363,65.74082854561125,0.9086485367475258,13.649999618530273,1.394954,4.342346,55.34302987918479,24.485882556000387,30.857147323184403,2026-06-30,RevenueFromContractWithCustomerExcludingAssessedTax
CRL,93.52727272727273,1.0905235522794972,209.07190627669078,1.0401001751990269,296.4100036621094,0.49397,2.787986,10.814491108503846,223.9509536784741,-213.13646256997023,2018-03-31,Revenues
CRS,88.43636363636364,0.7901188929299547,413.2346765272837,0.9874028909586505,490.5799865722656,0.6849,2.6511,-0.753513983480655,7.787946814021758,-8.541460797502413,2024-03-31,Revenues
CRWD,96.07272727272728,0.8323625632908676,2051.093255514284,1.2915050768582308,227.9600067138672,1.470897,7.532108,25.830401932671315,25.57425274189485,0.2561491907764655,2026-07-31,RevenueFromContractWithCustomerIncludingAssessedTax
CSCO,85.0909090909091,0.9101683187418055,2725.388351793041,1.0859570129584175,112.1500015258789,12.352,73.57,-2.602113231351522,201.63137513388813,-204.23348836523965,2016-10-29,Revenues
CSX,81.89090909090909,0.8199051305491725,598.1900671376303,0.6095921801286754,51.540000915527344,3.102,11.511,5.762018411183089,,,2018-06-30,Revenues
CVE,90.4,0.9044466369706213,216.3763644053898,0.9224702918723824,31.709999084472656,,,,,,,
CYTK,89.60000000000001,0.8859614540823901,157.77654713631281,1.0385054014185726,77.9000015258789,0.010641,0.028304,72.18446601941747,103.57025876187356,-31.38579274245609,2018-09-30,Revenues
DAR,84.50909090909092,1.06147261167775,142.55405172885713,1.2228333475058968,61.38999938964844,1.724078,6.320383,16.372396420428238,12.329982601691736,4.042413818736502,2026-07-04,RevenueFromContractWithCustomerExcludingAssessedTax
DBX,80.07272727272728,1.0411857706496248,120.25247506085957,1.0121726745842914,35.880001068115234,0.3603,1.3025,25.671433554237876,27.18410198725159,-1.5126684330137152,2018-09-30,Revenues
DDOG,92.94545454545454,1.0727464569590333,1264.1319240705218,1.469425665806023,242.92999267578125,1.121454,3.840291,35.644443369297015,32.15442654680633,3.490016822490688,2026-06-30,RevenueFromContractWithCustomerExcludingAssessedTax
DELL,98.98181818181818,0.7518764324148021,3385.7162707197886,0.9289394640733555,472.260009765625,43.842,177.155,87.53528958850201,228.97890503160144,-141.44361544309942,2026-05-01,Revenues
DINO,94.54545454545455,0.9834689623474531,212.04503992649865,1.1327821668251545,97.0,10.599002,33.904971,126.2298511075314,143.86847371154326,-17.638622604011857,2022-09-30,Revenues
DOCN,98.47272727272727,0.8481491506458955,464.7859266139076,0.924731051375252,121.68000030517578,0.281184,1.416826,28.570644718792863,22.402148996454727,6.168495722338136,2026-06-30,RevenueFromContractWithCustomerExcludingAssessedTax
EAT,88.72727272727273,1.0427068019388364,196.18225748266795,1.2453869268913933,233.22000122070312,1.4702,5.6967,3.1646901971791452,-41.846868492711835,45.01155868989098,2026-03-25,Revenues
ENLT,94.47272727272727,0.8419357671926692,20.90190844707186,0.8717739096454232,80.56999969482422,,,,,,,
ENS,83.63636363636363,0.95118053168062,110.75688376324366,0.7949760108874065,190.97999572753906,0.058833,0.209411,26.83626172253961,1.5848730924640069,25.251388630075603,2019-12-31,Revenues
EQNR,88.14545454545456,0.7663608947325442,130.2454097071693,0.8135676966816473,41.54999923706055,,,,,,,
ETSY,85.01818181818182,1.1299234556775495,235.15557718278188,1.1304806133743193,82.94000244140625,0.120912,0.425875,24.79177632597455,21.49105776478381,3.300718561190738,2018-03-31,Revenues
EXPD,85.52727272727273,0.8368526120067146,210.7398649290539,1.1398450773109652,190.72000122070312,1.802166,6.581971,15.346449103107155,-42.20838419206839,57.55483329517554,2017-09-30,Revenues
EXPE,87.41818181818182,0.9906770457148356,432.9438212085542,0.9241892386893188,318.9200134277344,4.315,15.939,13.972530375066034,14.65863453815261,-0.6861041630865756,2026-06-30,RevenueFromContractWithCustomerExcludingAssessedTax
FCX,86.10909090909091,0.9439212386416995,973.9196360756767,0.8859558968083063,78.41999816894531,7.029,41.127,-7.293590081772619,8.833798882681563,-16.127388964454184,2026-06-30,Revenues
FDX,83.70909090909092,0.7928609475416378,601.3415566560562,0.7844282868620644,331.4100036621094,17.324,104.082,-2.8052064631956912,-0.02345765892563922,-2.7817488042700522,2019-11-30,Revenues
FIVE,84.14545454545454,0.7852537048244913,260.9337994414799,0.9293786036173199,246.97999572753906,1.285602,6.318643,32.46432093079327,22.128086023651033,10.336234907142238,2026-05-02,RevenueFromContractWithCustomerExcludingAssessedTax
FIX,90.03636363636363,0.7959055245983171,887.798885392834,0.735724599073661,1614.97998046875,3.265656,10.413243,50.26123638545469,56.465565728127665,-6.2043293426729775,2026-06-30,Revenues
FRO,93.38181818181818,0.815718919264384,100.47882868942987,0.8982326236000262,43.75,,,,,,,
FROG,96.65454545454546,0.8071360948582248,236.8023334256248,1.0497044314963864,104.02999877929688,0.163772,0.581876,28.731331551642825,25.79100868414388,2.9403228674989457,2026-06-30,RevenueFromContractWithCustomerExcludingAssessedTax
FTI,89.96363636363637,0.7979140868205203,310.2325420617845,0.969299031839951,76.31999969482422,2.7631,10.4378,9.010928314987968,11.600107449856733,-2.5891791348687647,2026-06-30,Revenues
FTNT,95.4909090909091,0.8109350403657318,882.1899474514432,1.2159939117990644,172.77999877929688,2.0479,10.4221,25.63803680981595,20.12729752549198,5.5107392843239715,2026-06-30,RevenueFromContractWithCustomerExcludingAssessedTax
GH,96.0,0.8525376120765522,391.1866126448374,0.893985084226662,168.52000427246094,0.334978,1.133927,44.33232222260522,48.259457121653696,-3.9271348990484753,2026-06-30,Revenues
GKOS,92.80000000000001,0.8014655668521005,134.56835945176624,0.8204590595256808,181.91000366210938,0.18561,0.593838,49.54076699967773,41.1638415960399,8.376925403637827,2026-06-30,RevenueFromContractWithCustomerExcludingAssessedTax
GMAB,80.36363636363636,1.3533248052630378,64.44408919074345,1.016767733298415,34.099998474121094,,,,,,,
GTLB,80.0,0.869788944723618,176.26178440805165,1.058824357229764,44.810001373291016,0.264158,1.409449,23.14541581005925,254.41603289007227,-231.270617080013,2026-04-30,RevenueFromContractWithCustomerExcludingAssessedTax
HALO,89.45454545454545,1.1776546709227937,170.09193063689943,1.4854742827795853,106.91999816894531,0.025556,0.155361,-59.90020555145848,-44.40443475788875,-15.495770793569726,2018-09-30,Revenues
HBM,93.0909090909091,0.8920402251742313,134.031451282256,0.6884347905042743,30.360000610351562,,,,,,,
HCC,87.70909090909092,0.9042611012775127,66.6943446761964,0.9691228204163997,108.26000213623047,0.50969,2.191856,71.31112552642989,52.89171609272428,18.41940943370561,2026-06-30,RevenueFromContractWithCustomerIncludingAssessedTax
HL,93.89090909090909,1.0428379312494562,583.606920442195,1.0280948229945215,21.43000030517578,0.179393,0.586653,70.94653186075985,-23.282382920788752,94.2289147815486,2016-09-30,Revenues
HNGE,94.25454545454545,0.937857692885663,155.81358571478225,1.055795772485499,92.8499984741211,0.212817,0.688433,52.99788638226286,47.22955784373107,5.76832853853179,2026-06-30,RevenueFromContractWithCustomerExcludingAssessedTax
HRB,82.61818181818181,1.165342769990418,96.40440098654732,1.2617621127869179,52.5099983215332,0.160801,1.222472,8.013649401159393,3.5672220576789293,4.4464273434804635,2019-10-31,Revenues
HSBC,80.2909090909091,0.8587054134624469,137.98319220178996,0.6826603631546264,102.8499984741211,,,,,,,
HUM,90.10909090909091,0.8086233349481454,526.9541608008975,0.9023603561110848,392.6300048828125,39.648,201.297,23.467862481315397,230.4724971935912,-207.00463471227582,2026-03-31,Revenues
HUT,96.8,1.09065672927966,468.7702932684157,0.8635006134472976,87.12999725341797,0.074932,0.270758,81.43780721082835,225.54205821682328,-144.1042510059949,2026-06-30,RevenueFromContractWithCustomerExcludingAssessedTax
IAG,91.85454545454546,1.08631566300584,95.21788849852426,1.0179722782057432,21.540000915527344,,,,,,,
IBKR,81.45454545454545,0.9667393419733106,428.31361250718135,0.9419901995780411,96.55000305175781,0.643,2.507,15.232974910394265,-50.08517887563884,65.31815378603311,2019-09-30,Revenues
IBRX,96.58181818181818,0.8235440392157484,83.67022511635962,0.8272487855363237,8.399999618530273,0.05124,0.153932,93.90728476821192,167.6394018284192,-73.73211706020729,2026-06-30,Revenues
ILMN,95.05454545454546,1.0471459683954618,371.7889724900745,1.0434191259979437,227.69000244140625,1.159,6.493,9.442870632672333,4.803073967339097,4.639796665333236,2026-06-28,RevenueFromContractWithCustomerExcludingAssessedTax
IMVT,96.94545454545455,0.8737527376532005,49.29757588112241,0.8096562817286703,43.81999969482422,,,,,,,
INGM,81.23636363636363,0.7939742707320708,34.40885243239024,1.0880155679266157,29.290000915527344,14.531069,53.891761,13.577606488563818,13.697251890607184,-0.11964540204336593,2026-06-27,RevenueFromContractWithCustomerExcludingAssessedTax
INTC,98.18181818181819,0.8786799449473149,12794.49459122651,0.6920736204327006,92.08999633789062,16.128,56.217,25.421883505715844,7.184021473119129,18.237862032596716,2026-06-27,RevenueFromContractWithCustomerExcludingAssessedTax
IQV,86.6909090909091,0.8474435445581979,308.2011393591987,0.6484459501355464,262.3800048828125,2.465,8.659,64.66265865063461,52.92981326464906,11.732845385985549,2017-09-30,Revenues
IVZ,83.85454545454546,0.8647581441263574,147.43060394366734,0.6931936424606385,33.310001373291016,1.3418,5.3959,0.3064962248635718,8.466198979591837,-8.159702754728265,2018-09-30,Revenues
JAZZ,90.18181818181819,1.2029804490941285,225.74025068189832,1.0765452754037899,251.10000610351562,0.444613,2.397346,18.231472691349357,215.968475149727,-197.73700245837765,2018-03-31,Revenues
JBHT,84.72727272727273,0.7852586573692071,272.5270251091367,1.0236930617180307,263.3900146484375,1.843334,6.890066,9.030502307088538,-45.06810045875324,54.09860276584178,2017-09-30,Revenues
JHX,81.16363636363636,0.8637084852211184,185.448806197887,0.9136992557535251,29.770000457763672,,,,,,,
KEYS,86.18181818181819,0.9690957592449893,495.4533582776751,0.9269825336276937,325.82000732421875,1.717,8.579,31.470137825421133,23.26656394453005,8.203573880891085,2026-04-30,Revenues
KGS,82.18181818181817,0.9173804366850442,118.17204181618465,0.9189053696889097,60.15999984741211,,,,,,,
KLAC,88.21818181818182,0.7608661856769534,2793.8537026042395,0.5226403056722492,183.77000427246094,,,,,,,
KYMR,95.78181818181818,0.7957841532408604,90.59074598893665,0.7850604549318871,120.2300033569336,0.065,0.113605,466.39944231439523,55.49773755656109,410.9017047578341,2026-06-30,RevenueFromContractWithCustomerExcludingAssessedTax
LB,86.4,1.0667113596165916,26.132886708008296,1.1031745068835668,89.22000122070312,0.06684,0.216209,40.61809690110029,16.049691702122818,24.56840519897747,2026-06-30,RevenueFromContractWithCustomerExcludingAssessedTax
LITE,99.63636363636364,0.9949580118605301,4363.492076782033,0.9964542801664941,956.1400146484375,0.4046,1.5653,34.37396213882431,44.87951807228915,-10.50555593346484,2019-06-29,Revenues
LLY,80.5090909090909,0.9901378438917925,3409.135487243071,1.1106113947301128,1176.0999755859375,22.974,104.218,47.66679521789433,55.54246209443004,-7.8756668765357105,2026-06-30,Revenues
LNTH,86.98181818181818,1.590735666598433,137.31559850960383,0.28818969215958706,100.47000122070312,0.08263,0.502963,1.562211924925331,242.35796504386627,-240.79575311894095,2018-03-31,Revenues
LQDA,96.72727272727273,0.802979309389155,142.43255064992752,0.9892080860271101,69.94000244140625,0.171679,0.37968,1842.72943306552,4158.49358974359,-2315.76415667807,2026-06-30,RevenueFromContractWithCustomerExcludingAssessedTax
LSCC,83.92727272727272,0.93177191604964,250.49361448550755,0.785956208791274,120.47000122070312,0.101484,0.494894,10.343477835404638,-48.312735250900744,58.656213086305385,2018-09-29,Revenues
LTH,88.8,1.0289846829471754,117.39428551918515,0.9584565371474782,44.349998474121094,0.865996,3.198814,13.727019747356753,11.70739376325171,2.0196259841050423,2026-06-30,RevenueFromContractWithCustomerExcludingAssessedTax
M,82.03636363636365,0.8701592164255412,139.03723604159885,0.7225149966787124,22.510000228881836,4.892,19.597,2.0655122052993953,0.2039567611666327,1.8615554441327626,2026-05-02,Revenues
MATX,91.56363636363636,0.8904470827080943,60.998544969395226,0.9315183934865259,222.07000732421875,0.9694,5.0503,16.724864539434076,-3.0946291560102304,19.819493695444308,2026-06-30,RevenueFromContractWithCustomerExcludingAssessedTax
MDB,91.34545454545454,0.9866912142774211,634.3147231772286,1.0916892178675095,440.5799865722656,,,,,,,
MFG,80.14545454545454,0.7624045140277089,37.70456082980292,0.8545409413687708,10.4399995803833,,,,,,,
MKSI,91.78181818181818,1.0107015081316686,471.0284236242385,0.7032941203080674,270.989990234375,1.248,4.287,28.263103802672145,15.17094017094017,13.092163631731975,2026-06-30,RevenueFromContractWithCustomerExcludingAssessedTax
MPC,94.76363636363637,1.0598618025763182,699.748035952444,1.1915417567664226,363.5400085449219,21.048,82.169,2.105365285728146,-47.49293144146714,49.59829672719529,2012-09-30,Revenues
MRK,88.58181818181818,1.026591095852651,1406.3341842617942,1.3129550854988046,149.5399932861328,16.607,65.975,5.06769581171707,4.87475046686844,0.19294534484863046,2026-06-30,Revenues
MRX,93.23636363636363,0.7680539403835841,52.42530265138414,1.1603536700614363,71.37999725341797,,,,,,,
MSGS,88.07272727272726,0.9329725740991268,95.1386554581415,1.1465540052303003,393.6499938964844,0.429954,1.182642,12.334615304224233,-13.469372629260711,25.803987933484944,2024-03-31,Revenues
MT,91.12727272727273,0.8504518442983227,115.36022307385642,0.7886865322995369,74.62999725341797,,,,,,,
MTSI,88.0,0.8683812916500322,533.2533300086855,1.0909228649124647,277.1499938964844,0.342237,1.154883,35.76577184136719,22.49721264842912,13.26855919293807,2026-07-03,Revenues
NBIS,97.52727272727273,1.17847239452509,4802.353307266986,1.0362431503990726,218.47999572753906,,,,,,,
NEM,87.05454545454545,0.9421065739337313,856.6693248670426,0.9974372926531144,132.2899932861328,6.711,28.029,10.28759244042728,-10.764041648335533,21.051634088762814,2016-12-31,Revenues
NET,88.65454545454546,1.154743309819729,998.6175225838313,1.1925413164667622,308.2300109863281,0.696061,2.410159,35.86555953747297,33.536288816018796,2.329270721454172,2026-06-30,RevenueFromContractWithCustomerExcludingAssessedTax
NIQ,90.61818181818182,1.2072394273976252,19.643081004630954,1.4974755386711405,19.06999969482422,1.1242,4.2903,8.013066871637202,11.057045242778756,-3.043978371141554,2026-06-30,RevenueFromContractWithCustomerExcludingAssessedTax
NOK,92.5090909090909,0.7611331258824257,1176.17645606661,0.7186101352942156,10.59000015258789,,,,,,,
NTAP,92.07272727272728,0.8791259796243062,519.7037243059673,0.9220791128797222,190.63999938964844,1.6301,6.1814,4.126477163845417,2.2694094226940944,1.8570677411513223,2013-01-25,Revenues
NTRA,93.96363636363635,1.05914393306624,385.6937659476386,1.3177416030175841,338.70001220703125,0.056656,0.211063,5.134628588394663,3.1413511849799938,1.9932774034146692,2017-09-30,Revenues
NUE,86.61818181818181,0.9593600669672904,399.3882251436264,0.9606211791710857,252.3699951171875,7.44416,32.434149,-15.173363276507699,-15.184764538514978,0.0114012620072792,2024-09-28,Revenues
NVT,84.0,0.9741176581884804,337.7943926488483,0.8672671653596513,155.5500030517578,1.4713,4.7304,52.76710621949954,53.46595823551217,-0.6988520160126299,2026-06-30,RevenueFromContractWithCustomerExcludingAssessedTax
OGC,80.58181818181818,1.206975782362943,12.067491220828463,1.0578444482474612,31.450000762939453,,,,,,,
OII,92.43636363636364,0.797169471715397,48.31314503281608,0.8423490759683636,51.209999084472656,0.768184,4.274356,10.029634998231067,2.6546166698541045,7.375018328376963,2026-06-30,Revenues
OKTA,94.98181818181818,1.0338013345485095,512.777708043925,1.3815860883021003,172.91000366210938,0.805,3.04,10.576923076923077,11.19186046511628,-0.6149373881932032,2026-07-31,RevenueFromContractWithCustomerExcludingAssessedTax
ONTO,94.83636363636364,0.8888115214831863,378.79839766511463,0.9129712896287324,292.6199951171875,0.343129,1.106868,35.304834047721386,9.505376828065279,25.799457219656105,2026-06-30,Revenues
OSCR,94.18181818181817,0.9691276225879658,174.80421021354312,0.9646416306119983,30.049999237060547,4.88022,21.287551,70.40201540183209,52.55393247398534,17.848082927846747,2026-06-30,Revenues
OVV,85.38181818181818,1.0065397115544268,194.51466888484046,1.0138474236045902,65.18000030517578,3.013,9.929,29.982743744607422,6.520824568784183,23.46191917582324,2026-06-30,Revenues
P,89.38181818181819,1.1456887949346384,271.8465446384733,1.089724500364206,99.23999786376953,1.052896,5.296323,35.249362543915424,213.32303338338917,-178.07367083947375,2026-05-03,RevenueFromContractWithCustomerExcludingAssessedTax
PAA,83.34545454545454,1.1379780379923063,55.126530749899246,1.2434523998124793,25.510000228881836,17.693,52.383,66.25634279270814,8.652086782260172,57.60425601044797,2026-06-30,Revenues
PACS,97.67272727272727,0.9163375386490329,37.65770574843392,0.9165054728125934,44.2400016784668,1.427998,5.502295,9.071091842876305,11.223740359393963,-2.152648516517658,2026-06-30,Revenues
PAGP,84.8,1.1515211911465846,36.39508820097787,1.2398511580836027,28.030000686645508,17.693,63.86,-20.009946200099463,8.652086782260172,-28.662032982359634,2026-06-30,Revenues
PANW,96.14545454545454,0.8154954828745339,2332.053685490393,1.1161530031903621,382.8500061035156,2.2731,6.3413,29.036103542234333,27.791077257889008,1.2450262843453253,2018-07-31,Revenues
PATH,92.2909090909091,0.9836114034841683,861.7574809800708,1.0324521404833578,18.329999923706055,0.418382,2.266199,17.31739871685585,218.47044857931556,-201.1530498624597,2026-04-30,RevenueFromContractWithCustomerExcludingAssessedTax
PAYC,87.92727272727274,0.9972848825822993,150.74083207534304,1.2799755469544145,237.0399932861328,0.153916,0.690673,28.791377983063892,312.57290656320725,-283.78152858014334,2018-03-31,Revenues
PBF,97.38181818181818,0.99813442147274,164.29229136653478,1.0387179831262905,68.58999633789062,7.64636,26.37217,39.55883160845936,-23.819964554778505,63.378796163237865,2018-09-30,Revenues
PLXS,84.43636363636364,0.8273873778994761,84.44475998864553,1.0517906631365483,245.42999267578125,,,,,,,
PR,87.27272727272727,0.9716718275489687,201.0425927805946,1.0067317021477151,23.18000030517578,1.858035,5.765573,55.147061279429785,0.8496488432933682,54.29741243613642,2026-06-30,RevenueFromContractWithCustomerExcludingAssessedTax
PRAX,99.56363636363636,0.8806879497163425,159.84094268144878,1.065345446111358,367.8500061035156,0.0,0.00109,-100.0,-100.0,0.0,2025-09-30,Revenues
PSX,91.92727272727272,1.0433808657459276,527.1554050071353,1.0569943355767804,239.80999755859375,51.004,215.135,53.05944842901299,6.933946763062767,46.125501665950225,2026-06-30,RevenueFromContractWithCustomerExcludingAssessedTax
QLYS,92.36363636363636,0.942201213055614,112.69298085976251,1.1115882290514623,188.58999633789062,0.05949,0.2189,16.676799968619452,14.104733215037346,2.5720667535821065,2017-09-30,Revenues
RAL,80.87272727272727,0.8483400732380825,107.72338602333069,1.010129864340692,63.31999969482422,0.5678,2.1348,12.815418239618518,10.95890410958904,1.8565141300294776,2026-07-03,RevenueFromContractWithCustomerExcludingAssessedTax
RBRK,89.52727272727272,0.9668263424260631,302.6201363793146,1.1579700615068818,107.0199966430664,0.387068,1.913916,38.99260631784574,297.3727442860893,-258.38013796824356,2026-04-30,RevenueFromContractWithCustomerExcludingAssessedTax
RELY,86.25454545454545,0.9443671554981453,82.23445464921981,1.2851511301712761,25.985000610351562,0.495156,1.779304,20.22668337169663,25.213481406101362,-4.986798034404732,2026-06-30,RevenueFromContractWithCustomerExcludingAssessedTax
RGEN,87.49090909090908,0.8907475682168804,161.3605798238724,0.7034982207757637,182.02999877929688,0.04483,0.207499,46.55116050997058,303.71195850387,-257.1607979938994,2018-03-31,Revenues
RIG,81.01818181818182,1.0726331603929395,209.5364955692382,0.9814308117750516,5.739999771118164,0.664,4.544,-15.414012738853502,158.719646799117,-174.1336595379705,2018-03-31,Revenues
RIO,82.98181818181818,0.8614982465435697,256.54989104743834,0.9081814767129361,104.77999877929688,,,,,,,
RNG,95.56363636363636,0.8818660046959296,91.47414255380176,0.6114994175258618,68.52999877929688,0.657011,3.792717,5.901534176448022,5.251643640451201,0.6498905359968212,2026-06-30,RevenueFromContractWithCustomerExcludingAssessedTax
ROIV,97.01818181818182,1.0494402010255472,188.3151580728864,0.8661853137526005,37.58000183105469,0.001442,0.010923,-33.5483870967742,-36.34952317587048,2.801136079096281,2026-06-30,RevenueFromContractWithCustomerExcludingAssessedTax
RPRX,87.85454545454544,0.8675029414870751,191.80882458771597,0.9083518454388807,61.91999816894531,0.674141,2.492673,16.4993562769478,10.968645676967938,5.530710599979862,2026-06-30,Revenues
RVMD,99.41818181818182,0.7557801838874069,457.7005800655304,0.915380409746702,221.14999389648438,0.0,0.0,,-100.0,,2024-09-30,RevenueFromContractWithCustomerExcludingAssessedTax
RVTY,81.96363636363635,1.042202743797559,164.4527761732798,0.9026773504912451,129.7100067138672,0.741214,3.311822,-27.89115778618751,-17.35857380865305,-10.532583977534461,2023-01-01,Revenues
S,87.63636363636364,1.0255090849922133,139.80433787421876,1.1635693708368124,22.709999084472656,0.291981,1.069734,20.562136896479107,20.795619768675582,-0.23348287219647545,2026-07-31,RevenueFromContractWithCustomerExcludingAssessedTax
SIMO,97.6,1.1950343041062672,283.92785286133784,0.9350667576101387,255.0800018310547,,,,,,,
SITM,93.81818181818183,0.8631713794719575,345.94832570064483,1.1574232470739938,599.8900146484375,0.157432,0.42406,126.5404207557487,88.29293364724607,38.247487108502625,2026-06-30,RevenueFromContractWithCustomerExcludingAssessedTax
SM,86.9090909090909,1.0138138564131258,117.00001838940817,0.9749811210736089,36.810001373291016,2.5,5.583591,215.25851197982345,75.02958579881657,140.2289261810069,2026-06-30,Revenues
SMTC,94.10909090909091,0.924862019701466,493.2914682883369,1.0399287294405553,142.42999267578125,0.291018,1.575287,15.915717358400382,227.5076533305183,-211.59193597211794,2026-04-26,RevenueFromContractWithCustomerExcludingAssessedTax
SN,90.54545454545455,1.0407750332791008,271.59408286381074,0.9401054168671455,192.86000061035156,,,,,,,
SNDK,100.0,1.0277740494906948,22093.61969359247,0.7106756834929998,1484.949951171875,5.95,12.978,251.03244837758112,-19.526469805799415,270.5589181833805,2026-04-03,RevenueFromContractWithCustomerExcludingAssessedTax
SNOW,91.7090909090909,0.8003417659608305,1660.190602633207,0.8970426718419823,329.1099853515625,1.390951,6.977946,33.47910033260594,260.89307436412923,-227.4139740315233,2026-04-30,RevenueFromContractWithCustomerExcludingAssessedTax
SPHR,96.87272727272727,1.0319686848448941,114.25958091994997,1.1385745593307515,147.33999633789062,0.313639,1.245239,10.95313732634774,37.721955705090274,-26.768818378742534,2026-06-30,Revenues
SQM,82.69090909090909,0.8964216923917854,77.60562004195924,0.7887491768196376,80.43000030517578,,,,,,,
SRRK,88.5090909090909,0.8032883675122671,69.19077732484,1.1281335152060135,59.2599983215332,,,,,,,
SSL,85.96363636363637,0.7733905042169629,15.9043912963958,0.8397787013231058,11.609999656677246,,,,,,,
SSRM,92.14545454545454,0.9296311053144367,94.05188814458695,0.9910333076501452,39.0099983215332,0.443798,1.81687,9.456783120198295,83.74760752705153,-74.29082440685323,2026-06-30,Revenues
STLD,84.07272727272728,0.9769285680542944,314.9200083599999,1.084007638427906,235.83999633789062,4.587057,20.2136,-18.837671521188202,-18.20811546597245,-0.6295560552157511,2023-09-30,Revenues
STX,99.05454545454545,0.9074190500718223,4238.036177151247,0.8104246520425746,847.2000122070312,7.384,40.235,-36.677814938684506,9.175170864151298,-45.8529858028358,2023-06-30,Revenues
SU,82.54545454545455,0.9388439793853424,278.386708686538,0.9337551905739585,66.41999816894531,,,,,,,
SUN,80.72727272727272,1.092053856093216,30.479707907607064,0.9588118989620784,75.4800033569336,14.259,46.94,164.54545454545456,106.4105039582931,58.134950587161455,2026-06-30,Revenues
TBBB,91.05454545454546,1.2516846142179274,34.48422181521219,1.4794383794435686,48.70000076293945,,,,,,,
TD,82.76363636363637,0.8411400601709493,304.4392840884981,1.0312619153841176,121.08999633789062,,,,,,,
TEAM,93.01818181818182,1.17411181996746,557.7860452578348,1.240243510734936,185.6199951171875,1.786971,6.162555,31.712974565052672,-35.886881002843694,67.59985556789637,2026-03-31,RevenueFromContractWithCustomerExcludingAssessedTax
TECK,89.89090909090909,0.9297447570538532,199.80450106170895,0.7923910772231877,70.54000091552734,,,,,,,
TEVA,89.23636363636363,0.926740791755073,199.65762864966618,0.5774860042641647,37.619998931884766,,,,,,,
TGT,90.83636363636364,1.101561408114294,635.5478493332273,0.9620453367425073,165.92999267578125,17.258,68.01,1.9434107153405398,-49.12619627890388,51.069606994244424,2013-11-02,Revenues
TGTX,94.03636363636365,0.9071400167017935,126.60669600769528,1.1834109214323771,55.720001220703125,9.4e-05,0.004734,-95.36945812807882,-74.59366980325063,-20.775788324828184,2022-09-30,Revenues
TIGO,91.2,0.8866381046459036,156.3516301808433,1.343433072787872,93.22000122070312,,,,,,,
TRGP,87.12727272727273,1.0472520434346013,341.85085121387306,1.223889903292568,288.95001220703125,4.4401,16.9461,4.225252928335015,-10.233475830318973,14.458728758653988,2026-06-30,Revenues
TSEM,97.74545454545455,1.0503703064400416,462.2799803932796,0.9144131339632604,219.85000610351562,,,,,,,
TSM,84.2909090909091,0.763721095969067,5712.7719656075615,0.5009514357678515,427.29998779296875,,,,,,,
TTMI,93.67272727272727,1.0650750661337793,445.88080211504985,0.8755920180684703,124.7300033569336,,,,,,,
TVTX,98.61818181818181,0.9557025764270223,101.84404866446238,1.2139011799439983,67.5199966430664,0.0,0.0,,,,2012-11-30,Revenues
TWLO,95.34545454545454,1.1876798128391735,505.8810175157577,1.4375398364731917,241.33999633789062,0.129116,0.596142,47.777319965206246,45.244980371884964,2.5323395933212822,2018-03-31,Revenues
TWST,99.49090909090908,0.99527773309126,177.73708149536375,1.3052475328916517,153.10000610351562,0.118376,0.428846,23.235162455625304,-39.00201646226571,62.237178917891015,2026-06-30,RevenueFromContractWithCustomerIncludingAssessedTax
TX,86.76363636363637,1.1770777274864468,29.480217492766606,1.0268077544159195,55.83000183105469,,,,,,,
TXG,99.34545454545454,1.010089880476305,143.36913224020157,1.0415466987092292,64.8499984741211,,,,,,,
U,89.81818181818181,1.4245525575232354,332.28688800737893,1.159560527116264,43.4900016784668,0.546468,1.966265,23.931383577052866,16.83632183908046,7.095061737972408,2026-06-30,RevenueFromContractWithCustomerExcludingAssessedTax
UGP,90.47272727272727,0.8952602142960554,19.933674325588772,1.1023734051646639,6.420000076293945,,,,,,,
UNF,82.32727272727273,0.8250795292220596,52.825020703415646,0.433885544123038,285.75,0.427384,1.67226,4.282221582396775,7.111670886269981,-2.829449303873206,2018-05-26,Revenues
VCTR,92.0,1.2100224401569877,53.28367082888891,1.121683780734703,121.12999725341797,0.108082,0.419833,5.561198577958355,3.4329363742643704,2.1282622036939847,2018-09-30,Revenues
VIAV,96.43636363636364,0.7505702328247654,285.68690084660244,0.9749500598902604,38.45000076293945,0.4068,1.36,42.837078651685395,-27.445972495088412,70.2830511467738,2026-03-28,RevenueFromContractWithCustomerExcludingAssessedTax
VICR,97.23636363636363,0.9000080186031594,225.57066431233238,0.7472078890083776,203.63999938964844,,,,,,,
VIRT,89.67272727272727,1.1378247478860388,81.69528100866893,1.1655011613645347,67.04000091552734,1.189953,5.947084,19.04613269866233,30.727715191754317,-11.681582493091987,2026-06-30,Revenues
VIST,85.23636363636363,1.0564538437755948,61.9314729582832,1.1294187169789078,70.61000061035156,,,,,,,
VLO,95.19999999999999,0.8732703290750053,811.7167483924018,0.9143540892202419,346.5899963378906,44.476,199.061,48.80390779216434,7.016326260823584,41.787581531340756,2026-06-30,RevenueFromContractWithCustomerIncludingAssessedTax
VOYA,80.94545454545454,0.878916824879515,103.02130632350861,0.936101345265718,101.16000366210938,1.896,8.036,-4.290762241292277,3.1488065007618085,-7.439568742054085,2026-06-30,Revenues
VRT,87.34545454545454,0.8129851834637276,1755.7057536264813,0.7245290334516605,269.2799987792969,0.0,0.0,,,,2019-09-30,Revenues
VSAT,93.74545454545455,0.7748195073310469,192.18426556261457,0.6301180927319396,72.7300033569336,,,,,,,
VTRS,81.30909090909091,1.0473968663228879,161.84786162341285,1.067404422665437,16.889999389648438,3.7568,21.4522,4.877027442003294,8.072396521525366,-3.195369079522072,2026-06-30,Revenues
W,85.30909090909091,1.0334000530183212,304.6187502935379,1.2765658455602382,105.01000213623047,3.83957,12.779792,66.54051833734044,83.70511737752379,-17.164599040183347,2020-09-30,Revenues
WBD,91.63636363636364,0.9110612696110159,602.7446247685326,0.834981578654052,28.8799991607666,9.979,40.86,1.5881095388374222,-20.237178499922994,21.825288038760416,2023-09-30,Revenues
WDC,99.2,0.9312047037549993,4756.293401137627,0.8138125911289243,462.0,3.337,11.466,45.4664341761116,-34.71110149318329,80.17753566929488,2026-04-03,RevenueFromContractWithCustomerExcludingAssessedTax
WPM,81.74545454545455,1.114460623691319,267.73468950471425,1.0552474911855663,157.99000549316406,,,,,,,
XMTR,94.69090909090909,0.8035552143875425,71.7877159923735,1.0967453934847835,96.26000213623047,0.22928,0.77768,41.054587288599606,35.87907611395566,5.175511174643944,2026-06-30,RevenueFromContractWithCustomerExcludingAssessedTax
YPF,83.4909090909091,0.8009791555785621,71.33733136893377,1.0244392615473619,50.47999954223633,,,,,,,
ZBRA,80.80000000000001,1.0150689494918754,248.97059523460752,1.4009847725902642,361.1099853515625,1.557,8.266,20.417633410672853,14.296636085626913,6.1209973250459395,2026-07-04,RevenueFromContractWithCustomerExcludingAssessedTax
ZETA,89.16363636363637,1.0700705160034802,209.23109960161239,1.0513957190411618,30.219999313354492,0.442766,1.484681,43.5491923927351,49.87727810785155,-6.328085715116451,2026-06-30,RevenueFromContractWithCustomerExcludingAssessedTax
