date,universe_n,nh_52w,nl_52w,advances,declines,qqq_close,qqq_52w_high,qqq_pct_from_high,qqq_50dma,qqq_above_50dma,qqq_fwd_4w,pct_above_50dma,nh_pct_52w,net_breadth_52w,ad_ratio,month
2024-06-03,241,25,76,79,159,453.1300048828125,459.67999267578125,-0.014249016483927218,440.4832000732422,True,0.07470263663574839,0.4149377593360996,0.1037344398340249,-0.21161825726141079,0.3319327731092437,2024-06
2024-06-04,241,28,80,87,149,454.3699951171875,459.67999267578125,-0.01155150896971704,440.6429998779297,True,0.08070518260845261,0.3029045643153527,0.11618257261410789,-0.2157676348547718,0.3686440677966102,2024-06
2024-06-05,241,53,24,181,57,463.5299987792969,463.5299987792969,0.0,441.0183996582031,True,0.07039459143689375,0.5103734439834025,0.21991701244813278,0.12033195020746888,0.7605042016806722,2024-06
2024-06-06,241,21,36,81,156,463.3699951171875,463.5299987792969,-0.00034518512832123826,441.4193994140625,True,0.07331074859974906,0.5020746887966805,0.08713692946058091,-0.06224066390041494,0.34177215189873417,2024-06
2024-06-07,241,10,54,57,181,462.9599914550781,463.5299987792969,-0.0012297096751447813,441.78199951171877,True,0.07519007733084293,0.3900414937759336,0.04149377593360996,-0.1825726141078838,0.23949579831932774,2024-06
2024-06-10,241,36,27,162,77,464.8299865722656,464.8299865722656,0.0,442.1983990478516,True,0.08203000233265834,0.42738589211618255,0.14937759336099585,0.03734439834024896,0.6778242677824268,2024-06
2024-06-11,241,34,44,108,127,468.0199890136719,468.0199890136719,0.0,442.65979858398435,True,0.05108756938458647,0.45228215767634855,0.14107883817427386,-0.04149377593360996,0.4595744680851064,2024-06
2024-06-12,240,54,21,168,66,474.1499938964844,474.1499938964844,0.0,443.32059875488284,True,0.043593828311314864,0.5541666666666667,0.225,0.1375,0.717948717948718,2024-06
2024-06-13,241,34,46,86,152,476.7200012207031,476.7200012207031,0.0,444.01299865722655,True,0.040757661994521355,0.4854771784232365,0.14107883817427386,-0.04979253112033195,0.36134453781512604,2024-06
2024-06-14,241,16,54,55,185,479.19000244140625,479.19000244140625,0.0,444.8899987792969,True,0.035789548632291,0.3983402489626556,0.06639004149377593,-0.15767634854771784,0.22916666666666666,2024-06
2024-06-17,241,41,34,152,85,485.05999755859375,485.05999755859375,0.0,445.7817987060547,True,-0.006782683712285409,0.42738589211618255,0.17012448132780084,0.029045643153526972,0.6413502109704642,2024-06
2024-06-18,240,39,41,135,101,485.2099914550781,485.2099914550781,0.0,446.67399841308594,True,-0.011788712766506726,0.49583333333333335,0.1625,-0.008333333333333333,0.5720338983050848,2024-06
2024-06-20,241,10,37,90,147,481.4700012207031,485.2099914550781,-0.007707982729620391,447.45879821777345,True,-0.012939562112972314,0.4605809128630705,0.04149377593360996,-0.11203319502074689,0.379746835443038,2024-06
2024-06-21,241,18,28,121,118,480.17999267578125,485.2099914550781,-0.010366643036786196,448.2949981689453,True,0.004456692659168038,0.4730290456431535,0.07468879668049792,-0.04149377593360996,0.5062761506276151,2024-06
2024-06-24,240,18,37,100,135,473.9599914550781,485.2099914550781,-0.023185837468562415,448.86679809570313,True,0.014051826698837644,0.44166666666666665,0.075,-0.07916666666666666,0.425531914893617,2024-06
2024-06-25,240,21,32,110,125,479.3800048828125,485.2099914550781,-0.012015388542973519,449.6889984130859,True,-0.03337644423427988,0.4083333333333333,0.0875,-0.04583333333333333,0.46808510638297873,2024-06
2024-06-26,241,12,26,105,133,480.3699951171875,485.2099914550781,-0.009975054972335052,450.6751983642578,True,-0.04600621672493155,0.37344398340248963,0.04979253112033195,-0.058091286307053944,0.4411764705882353,2024-06
2024-06-27,241,21,14,167,73,481.6099853515625,485.2099914550781,-0.007419480569061864,451.6853979492187,True,-0.038703483519455406,0.46473029045643155,0.08713692946058091,0.029045643153526972,0.6958333333333333,2024-06
2024-06-28,241,24,22,130,109,479.1099853515625,485.2099914550781,-0.012571888895409068,452.7507977294922,True,-0.03174634618378347,0.4896265560165975,0.0995850622406639,0.008298755186721992,0.5439330543933054,2024-06
2024-07-01,241,25,30,98,142,481.9200134277344,485.2099914550781,-0.0067805240726341144,453.9209979248047,True,-0.05061008874680173,0.42738589211618255,0.1037344398340249,-0.02074688796680498,0.4083333333333333,2024-07
2024-07-02,241,20,15,147,91,486.9800109863281,486.9800109863281,0.0,455.3675982666016,True,-0.03267075301486255,0.45228215767634855,0.08298755186721991,0.02074688796680498,0.6176470588235294,2024-07
2024-07-03,240,25,6,161,70,491.0400085449219,491.0400085449219,0.0,456.81199829101564,True,-0.0639051896724252,0.5208333333333334,0.10416666666666667,0.07916666666666666,0.696969696969697,2024-07
2024-07-05,241,36,15,118,123,496.1600036621094,496.1600036621094,0.0,458.2337982177734,True,-0.09555386027124457,0.47717842323651455,0.14937759336099585,0.08713692946058091,0.4896265560165975,2024-07
2024-07-08,241,40,8,162,76,497.3399963378906,497.3399963378906,0.0,459.65039794921876,True,-0.12460289073272313,0.5601659751037344,0.16597510373443983,0.13278008298755187,0.680672268907563,2024-07
2024-07-09,241,16,15,76,162,497.7699890136719,497.7699890136719,0.0,461.1167974853516,True,-0.11700181111717312,0.5062240663900415,0.06639004149377593,0.004149377593360996,0.31932773109243695,2024-07
2024-07-10,241,41,7,187,50,502.9599914550781,502.9599914550781,0.0,462.5559973144531,True,-0.1355773890565939,0.6224066390041494,0.17012448132780084,0.14107883817427386,0.7890295358649789,2024-07
2024-07-11,241,38,3,159,81,491.92999267578125,502.9599914550781,-0.02193017131916748,463.7395971679687,True,-0.089158998240771,0.7012448132780082,0.15767634854771784,0.14522821576763487,0.6625,2024-07
2024-07-12,241,45,0,182,57,494.82000732421875,502.9599914550781,-0.01618415832104291,465.1441973876953,True,-0.08974981408342853,0.7634854771784232,0.18672199170124482,0.18672199170124482,0.7615062761506276,2024-07
2024-07-15,241,64,2,156,83,496.1499938964844,502.9599914550781,-0.01353983949874865,466.63679748535156,True,-0.09023478698865528,0.8008298755186722,0.26556016597510373,0.2572614107883817,0.6527196652719666,2024-07
2024-07-16,241,102,0,186,52,496.3399963378906,502.9599914550781,-0.013162070998998665,468.02559753417967,True,-0.06801791113896527,0.8174273858921162,0.42323651452282157,0.42323651452282157,0.7815126050420168,2024-07
2024-07-17,241,29,17,57,182,481.7699890136719,502.9599914550781,-0.04213059249524589,468.9513970947266,True,-0.03952088851844904,0.7012448132780082,0.12033195020746888,0.04979253112033195,0.2384937238493724,2024-07
2024-07-18,241,3,16,40,201,479.489990234375,502.9599914550781,-0.04666375381629007,469.73619689941404,True,-0.010573686437463259,0.6473029045643154,0.012448132780082987,-0.05394190871369295,0.16597510373443983,2024-07
2024-07-19,240,4,16,80,156,475.239990234375,502.9599914550781,-0.055113730101092814,470.43459655761717,True,-0.00044186402532031543,0.5708333333333333,0.016666666666666666,-0.05,0.3389830508474576,2024-07
2024-07-22,241,20,2,186,49,482.32000732421875,502.9599914550781,-0.04103702974693333,471.2797967529297,True,-0.0021770158703805498,0.6846473029045643,0.08298755186721991,0.07468879668049792,0.7914893617021277,2024-07
2024-07-23,241,21,6,125,115,480.6199951171875,502.9599914550781,-0.04441704453123668,472.071796875,True,-0.0007490020290868982,0.6763485477178424,0.08713692946058091,0.06224066390041494,0.5208333333333334,2024-07
2024-07-24,241,10,32,31,209,463.3800048828125,502.9599914550781,-0.07869410538551894,472.4981970214844,False,0.04126202019015235,0.4896265560165975,0.04149377593360996,-0.0912863070539419,0.12916666666666668,2024-07
2024-07-25,241,17,37,109,128,458.2699890136719,502.9599914550781,-0.08885399077591988,472.8019970703125,False,0.03617958296926371,0.5186721991701245,0.07053941908713693,-0.08298755186721991,0.459915611814346,2024-07
2024-07-26,241,20,8,195,46,462.9700012207031,502.9599914550781,-0.07950928684940282,473.1427972412109,False,0.03678423814587184,0.6058091286307054,0.08298755186721991,0.04979253112033195,0.8091286307053942,2024-07
2024-07-29,241,18,9,90,150,463.8999938964844,502.9599914550781,-0.07766024777754593,473.36279724121096,False,0.024660492761202635,0.5352697095435685,0.07468879668049792,0.03734439834024896,0.375,2024-07
2024-07-30,240,29,31,88,151,457.5299987792969,502.9599914550781,-0.09032526134802678,473.47379699707034,False,0.042030054942046036,0.475,0.12083333333333333,-0.008333333333333333,0.3682008368200837,2024-07
2024-07-31,240,32,2,199,39,471.07000732421875,502.9599914550781,-0.0634046140302347,473.8599969482422,False,0.0005943888911275064,0.575,0.13333333333333333,0.125,0.8361344537815126,2024-07
2024-08-01,241,12,36,30,210,459.6600036621094,502.9599914550781,-0.08609032234890215,473.9549969482422,False,0.02393073121951672,0.42323651452282157,0.04979253112033195,-0.0995850622406639,0.125,2024-08
2024-08-02,241,9,76,24,217,448.75,502.9599914550781,-0.10778191581053399,473.8139971923828,False,0.061325880810410904,0.2946058091286307,0.03734439834024896,-0.27800829875518673,0.0995850622406639,2024-08
2024-08-05,241,1,88,29,211,435.3699951171875,502.9599914550781,-0.13438443909296,473.407197265625,False,0.06072996012113663,0.2033195020746888,0.004149377593360996,-0.36099585062240663,0.12083333333333333,2024-08
2024-08-06,241,3,27,175,61,439.5299987792969,502.9599914550781,-0.12611339620130899,473.1245971679688,False,0.04796029083523523,0.25311203319502074,0.012448132780082987,-0.0995850622406639,0.7415254237288136,2024-08
2024-08-07,241,5,59,58,181,434.7699890136719,502.9599914550781,-0.13557738905659386,472.66099670410154,False,0.06042279870983447,0.23236514522821577,0.02074688796680498,-0.22406639004149378,0.24267782426778242,2024-08
2024-08-08,241,11,3,217,23,448.07000732421875,502.9599914550781,-0.10913389745387307,472.4287969970703,False,0.0013837014463207176,0.3278008298755187,0.04564315352697095,0.03319502074688797,0.9041666666666667,2024-08
2024-08-09,241,9,12,105,134,450.4100036621094,502.9599914550781,-0.10448144720406106,472.3081970214844,False,0.008991780289158369,0.3278008298755187,0.03734439834024896,-0.012448132780082987,0.4393305439330544,2024-08
2024-08-12,241,11,16,96,143,451.3800048828125,502.9599914550781,-0.10255286195437374,472.30479736328124,False,0.016128314724944248,0.3153526970954357,0.04564315352697095,-0.02074688796680498,0.401673640167364,2024-08
2024-08-13,241,17,5,198,41,462.5799865722656,502.9599914550781,-0.08028472556234931,472.542197265625,False,0.013057219767933725,0.37344398340248963,0.07053941908713693,0.04979253112033195,0.8284518828451883,2024-08
2024-08-14,241,20,10,116,122,462.7300109863281,502.9599914550781,-0.07998644256447413,472.7341973876953,False,0.022669785804502185,0.3900414937759336,0.08298755186721991,0.04149377593360996,0.48739495798319327,2024-08
2024-08-15,241,27,7,206,35,474.4200134277344,502.9599914550781,-0.05674403235290495,473.13519775390625,True,0.0019391739052263546,0.4854771784232365,0.11203319502074689,0.08298755186721991,0.8547717842323651,2024-08
2024-08-16,241,12,4,128,109,475.0299987792969,502.9599914550781,-0.0555312413517802,473.3651977539063,True,-0.0037682010599787708,0.5062240663900415,0.04979253112033195,0.03319502074688797,0.540084388185654,2024-08
2024-08-19,241,28,3,189,51,481.2699890136719,502.9599914550781,-0.0431247073522815,473.72319763183594,True,-0.016165559783275496,0.5435684647302904,0.11618257261410789,0.1037344398340249,0.7875,2024-08
2024-08-20,241,17,8,66,169,480.260009765625,502.9599914550781,-0.04513277810384362,474.0691979980469,True,-0.01836506714044972,0.5228215767634855,0.07053941908713693,0.03734439834024896,0.28085106382978725,2024-08
2024-08-21,239,22,7,187,50,482.5,502.9599914550781,-0.04067916296062986,474.42259826660154,True,0.0017823530602332216,0.5564853556485355,0.09205020920502092,0.06276150627615062,0.7890295358649789,2024-08
2024-08-22,240,8,7,50,190,474.8500061035156,502.9599914550781,-0.05588910813808367,474.55919860839845,True,0.015983987028181712,0.5125,0.03333333333333333,0.004166666666666667,0.20833333333333334,2024-08
2024-08-23,241,21,2,212,28,480.0,502.9599914550781,-0.045649737245807946,474.67619873046874,True,0.006333351135253906,0.5892116182572614,0.08713692946058091,0.07883817427385892,0.8833333333333333,2024-08
2024-08-26,241,17,3,90,148,475.3399963378906,502.9599914550781,-0.05491489499449457,474.6485986328125,True,0.02110068341938387,0.5518672199170125,0.07053941908713693,0.058091286307053944,0.37815126050420167,2024-08
2024-08-27,241,17,4,98,137,476.760009765625,502.9599914550781,-0.05209158210309294,474.59999877929687,True,0.01900326657650586,0.5394190871369294,0.07053941908713693,0.05394190871369295,0.41702127659574467,2024-08
2024-08-28,240,8,13,43,194,471.3500061035156,502.9599914550781,-0.06284791213733298,474.3257989501953,False,0.0384427599078212,0.49583333333333335,0.03333333333333333,-0.020833333333333332,0.18143459915611815,2024-08
2024-08-29,241,18,5,177,62,470.6600036621094,502.9599914550781,-0.06421979549411859,474.03479919433596,False,0.03418602858262365,0.5145228215767634,0.07468879668049792,0.05394190871369295,0.7405857740585774,2024-08
2024-08-30,241,22,8,173,65,476.2699890136719,502.9599914550781,-0.05306585592263767,473.9307989501953,True,0.024775901448218507,0.5560165975103735,0.0912863070539419,0.058091286307053944,0.726890756302521,2024-08
2024-09-03,241,9,24,34,206,461.80999755859375,502.9599914550781,-0.08181564059884013,473.5633990478516,False,0.04213852354421821,0.3941908713692946,0.03734439834024896,-0.06224066390041494,0.14166666666666666,2024-09
2024-09-04,240,13,20,110,124,460.6099853515625,502.9599914550781,-0.08420154052610786,473.29639892578126,False,0.04632992669314562,0.4083333333333333,0.05416666666666667,-0.029166666666666667,0.4700854700854701,2024-09
2024-09-05,240,7,18,77,158,461.0400085449219,502.9599914550781,-0.08334655563533096,472.9295989990234,False,0.04457311168682754,0.375,0.029166666666666667,-0.04583333333333333,0.3276595744680851,2024-09
2024-09-06,241,6,51,22,218,448.69000244140625,502.9599914550781,-0.10790120473930181,472.29599914550784,False,0.08609508719298264,0.2946058091286307,0.024896265560165973,-0.18672199170124482,0.09166666666666666,2024-09
2024-09-09,241,17,24,170,68,454.4599914550781,502.9599914550781,-0.09642914113245482,471.7529992675781,False,0.060819467429773955,0.31950207468879666,0.07053941908713693,-0.029045643153526972,0.7142857142857143,2024-09
2024-09-10,241,17,19,164,74,458.6600036621094,502.9599914550781,-0.0880785520629734,471.34399963378905,False,0.06680326142724136,0.31950207468879666,0.07053941908713693,-0.008298755186721992,0.6890756302521008,2024-09
2024-09-11,241,13,7,168,70,468.6199951171875,502.9599914550781,-0.06827580110009149,471.07799926757815,False,0.05234518167147928,0.3900414937759336,0.05394190871369295,0.024896265560165973,0.7058823529411765,2024-09
2024-09-12,241,17,5,158,79,473.2200012207031,502.9599914550781,-0.05912993228017268,470.8027990722656,True,0.04093232548755599,0.44813278008298757,0.07053941908713693,0.04979253112033195,0.6666666666666666,2024-09
2024-09-13,241,25,5,189,47,475.3399963378906,502.9599914550781,-0.05491489499449457,470.488798828125,True,0.037909683915726244,0.5062240663900415,0.1037344398340249,0.08298755186721991,0.8008474576271186,2024-09
2024-09-16,241,29,4,128,110,473.239990234375,502.9599914550781,-0.05909018952923528,470.0303985595703,True,0.05126365114159115,0.4979253112033195,0.12033195020746888,0.1037344398340249,0.5378151260504201,2024-09
2024-09-17,241,12,5,140,97,473.489990234375,502.9599914550781,-0.058593132100717475,469.5533984375,True,0.03666395536798461,0.5186721991701245,0.04979253112033195,0.029045643153526972,0.5907172995780591,2024-09
2024-09-18,241,12,3,82,153,471.44000244140625,502.9599914550781,-0.06266897874418126,469.0267987060547,True,0.04129900118758578,0.4896265560165975,0.04979253112033195,0.03734439834024896,0.34893617021276596,2024-09
2024-09-19,241,30,2,197,42,483.3599853515625,502.9599914550781,-0.0389693145309873,468.6347985839844,True,0.01632326813875351,0.6099585062240664,0.12448132780082988,0.11618257261410789,0.8242677824267782,2024-09
2024-09-20,241,30,4,113,124,482.44000244140625,502.9599914550781,-0.04079845188939769,468.4449987792969,True,0.02493574064840942,0.6141078838174274,0.12448132780082988,0.1078838174273859,0.4767932489451477,2024-09
2024-09-23,241,34,7,155,83,483.0400085449219,502.9599914550781,-0.03960550192576382,468.20939880371094,True,0.025629357121173424,0.6265560165975104,0.14107883817427386,0.11203319502074689,0.6512605042016807,2024-09
2024-09-24,241,23,3,147,91,485.3699951171875,502.9599914550781,-0.03497295338939832,467.993798828125,True,0.021818399250933984,0.6431535269709544,0.0954356846473029,0.08298755186721991,0.6176470588235294,2024-09
2024-09-25,241,16,9,88,151,485.82000732421875,502.9599914550781,-0.034078225747684016,467.78339904785156,True,0.005228228539481794,0.6390041493775933,0.06639004149377593,0.029045643153526972,0.3682008368200837,2024-09
2024-09-26,241,20,6,157,82,489.4700012207031,502.9599914550781,-0.026821199426515136,467.93739929199216,True,0.0058226369264877675,0.7385892116182573,0.08298755186721991,0.058091286307053944,0.6569037656903766,2024-09
2024-09-27,241,19,1,139,99,486.75,502.9599914550781,-0.032229186675827116,468.08259948730466,True,0.01760658926393166,0.7468879668049793,0.07883817427385892,0.07468879668049792,0.5840336134453782,2024-09
2024-09-30,241,20,3,113,125,488.07000732421875,502.9599914550781,-0.029604708891023738,468.3391998291016,True,0.01501830979627572,0.7427385892116183,0.08298755186721991,0.07053941908713693,0.47478991596638653,2024-09
2024-10-01,241,22,4,58,181,481.2699890136719,502.9599914550781,-0.0431247073522815,468.3181994628906,True,0.03925034820299356,0.6473029045643154,0.0912863070539419,0.07468879668049792,0.24267782426778242,2024-10
2024-10-02,241,26,4,161,75,481.95001220703125,502.9599914550781,-0.04177266503298679,468.3447998046875,True,0.02994084927957741,0.6887966804979253,0.1078838174273859,0.0912863070539419,0.6822033898305084,2024-10
2024-10-03,241,17,8,77,160,481.5899963378906,502.9599914550781,-0.04248845928154936,468.70899963378906,True,0.004692808785088154,0.6887966804979253,0.07053941908713693,0.03734439834024896,0.32489451476793246,2024-10
2024-10-04,240,32,4,192,45,487.32000732421875,502.9599914550781,-0.031095881176577165,469.29,True,0.00022569430745611463,0.725,0.13333333333333333,0.11666666666666667,0.810126582278481,2024-10
2024-10-07,240,16,7,75,163,482.1000061035156,502.9599914550781,-0.041474442711067226,469.67260009765624,True,0.008110358043160515,0.6833333333333333,0.06666666666666667,0.0375,0.31512605042016806,2024-10
2024-10-08,239,19,6,135,101,489.29998779296875,502.9599914550781,-0.027159225175327723,470.18059997558595,True,0.005947279245264614,0.6861924686192469,0.0794979079497908,0.05439330543933055,0.5720338983050848,2024-10
2024-10-09,241,28,5,143,93,493.1499938964844,502.9599914550781,-0.01950452864096235,470.8929998779297,True,0.025205298245203567,0.6929460580912863,0.11618257261410789,0.0954356846473029,0.6059322033898306,2024-10
2024-10-10,240,15,6,82,155,492.5899963378906,502.9599914550781,-0.02061793242676579,471.32339965820313,True,0.04253026217585343,0.6833333333333333,0.0625,0.0375,0.3459915611814346,2024-10
2024-10-11,241,26,1,208,31,493.3599853515625,502.9599914550781,-0.019087017390274966,471.99739929199217,True,0.04211940553319793,0.7510373443983402,0.1078838174273859,0.1037344398340249,0.8702928870292888,2024-10
2024-10-14,241,35,1,167,72,497.5,502.9599914550781,-0.010855717249561359,472.9723992919922,True,0.032844275086369334,0.8049792531120332,0.14522821576763487,0.14107883817427386,0.698744769874477,2024-10
2024-10-15,241,16,3,77,159,490.8500061035156,502.9599914550781,-0.024077432712943936,474.0819995117188,True,0.04494237907040666,0.7302904564315352,0.06639004149377593,0.05394190871369295,0.326271186440678,2024-10
2024-10-16,241,36,3,179,59,490.9100036621094,502.9599914550781,-0.02395814378417611,475.109599609375,True,0.043470282085713574,0.7593360995850622,0.14937759336099585,0.13692946058091288,0.7521008403361344,2024-10
2024-10-17,241,34,6,126,113,491.25,502.9599914550781,-0.023282152962506568,476.23919982910155,True,0.03550127723441476,0.7427385892116183,0.14107883817427386,0.11618257261410789,0.5271966527196653,2024-10
2024-10-18,241,32,5,133,103,494.4700012207031,502.9599914550781,-0.01688005085615897,477.1671997070313,True,0.004246983837910001,0.7551867219917012,0.13278008298755187,0.11203319502074689,0.5635593220338984,2024-10
2024-10-21,241,23,6,74,165,495.4200134277344,502.9599914550781,-0.014991208357409047,478.06739990234377,True,0.00928500153659706,0.7095435684647303,0.0954356846473029,0.07053941908713693,0.30962343096234307,2024-10
2024-10-22,241,10,8,85,154,495.9599914550781,502.9599914550781,-0.013917607998498635,478.95899963378906,True,0.015122187533708198,0.6846473029045643,0.04149377593360996,0.008298755186721992,0.35564853556485354,2024-10
2024-10-23,241,5,13,54,183,488.3599853515625,502.9599914550781,-0.029028165960631135,479.474599609375,True,0.030326047424852787,0.6431535269709544,0.02074688796680498,-0.03319502074688797,0.22784810126582278,2024-10
2024-10-24,240,10,10,141,97,492.32000732421875,502.9599914550781,-0.021154732606220996,480.0663995361328,True,0.02571498918135995,0.6833333333333333,0.041666666666666664,0.0,0.592436974789916,2024-10
2024-10-25,240,8,6,121,115,495.32000732421875,502.9599914550781,-0.015190043464007296,480.4843994140625,True,0.021137852430519466,0.7,0.03333333333333333,0.008333333333333333,0.5127118644067796,2024-10
2024-10-28,241,22,2,169,71,495.3999938964844,502.9599914550781,-0.015031011784302075,480.89179931640626,True,0.022587813038496884,0.7261410788381742,0.0912863070539419,0.08298755186721991,0.7041666666666667,2024-10
2024-10-29,241,16,6,134,103,500.1600036621094,502.9599914550781,-0.005567018929017202,481.269599609375,True,0.01829413353624698,0.7427385892116183,0.06639004149377593,0.04149377593360996,0.5654008438818565,2024-10
2024-10-30,241,7,7,66,174,496.3800048828125,502.9599914550781,-0.01308252482116824,481.59199951171877,True,0.0179700689439779,0.6929460580912863,0.029045643153526972,0.0,0.275,2024-10
2024-10-31,241,3,11,40,199,483.8500061035156,502.9599914550781,-0.03799504071144257,481.6189996337891,True,0.05350828522118567,0.5850622406639004,0.012448132780082987,-0.03319502074688797,0.16736401673640167,2024-10
2024-11-01,240,6,8,149,88,487.42999267578125,502.9599914550781,-0.03087720503248803,481.8705993652344,True,0.05715689590339568,0.5916666666666667,0.025,-0.008333333333333333,0.6286919831223629,2024-11
2024-11-04,241,10,4,104,136,486.010009765625,502.9599914550781,-0.03370045724793403,481.99079956054686,True,0.06349660445562533,0.5518672199170125,0.04149377593360996,0.024896265560165973,0.43333333333333335,2024-11
2024-11-05,241,18,2,200,39,492.2099914550781,502.9599914550781,-0.021373469426265758,482.3281994628906,True,0.06308286879499625,0.6224066390041494,0.07468879668049792,0.06639004149377593,0.8368200836820083,2024-11
2024-11-06,241,53,4,191,49,505.5799865722656,505.5799865722656,0.0,482.90459899902345,True,0.03210176711377444,0.7385892116182573,0.21991701244813278,0.2033195020746888,0.7958333333333333,2024-11
2024-11-07,241,53,6,140,99,513.5399780273438,513.5399780273438,0.0,483.7483984375,True,0.02519765353247183,0.7551867219917012,0.21991701244813278,0.1950207468879668,0.5857740585774058,2024-11
2024-11-08,240,63,9,122,115,514.1400146484375,514.1400146484375,0.0,484.61799865722656,True,0.016026743687727496,0.7333333333333333,0.2625,0.225,0.5147679324894515,2024-11
2024-11-11,241,59,5,135,103,513.8400268554688,514.1400146484375,-0.0005834748987080453,485.3693994140625,True,0.013155745712994271,0.7219917012448133,0.24481327800829875,0.22406639004149378,0.5672268907563025,2024-11
2024-11-12,241,18,16,57,182,512.9099731445312,514.1400146484375,-0.0023924251543567115,486.39139892578123,True,0.0331637337081605,0.7053941908713693,0.07468879668049792,0.008298755186721992,0.2384937238493724,2024-11
2024-11-13,241,24,16,86,152,512.25,514.1400146484375,-0.0036760699315144113,487.42419921875,True,0.027818448023426035,0.6680497925311203,0.0995850622406639,0.03319502074688797,0.36134453781512604,2024-11
2024-11-14,241,4,13,73,164,508.69000244140625,514.1400146484375,-0.010600249060089011,488.3771990966797,True,0.0429338629630025,0.6141078838174274,0.016597510373443983,-0.03734439834024896,0.3080168776371308,2024-11
2024-11-15,241,10,23,59,178,496.57000732421875,514.1400146484375,-0.03417358467271391,489.3347991943359,True,0.08377464400256507,0.5643153526970954,0.04149377593360996,-0.05394190871369295,0.2489451476793249,2024-11
2024-11-18,241,10,10,146,93,500.0199890136719,514.1400146484375,-0.027463385911366423,490.2459991455078,True,0.0715571368454202,0.5809128630705395,0.04149377593360996,0.0,0.6108786610878661,2024-11
2024-11-19,241,19,6,155,84,503.4599914550781,514.1400146484375,-0.02077259674227504,491.1419989013672,True,0.025841138260948915,0.5726141078838174,0.07883817427385892,0.05394190871369295,0.6485355648535565,2024-11
2024-11-20,241,9,8,124,117,503.1700134277344,514.1400146484375,-0.021336602692175737,491.83299926757815,True,0.021861337498009892,0.6058091286307054,0.03734439834024896,0.004149377593360996,0.5145228215767634,2024-11
2024-11-21,241,35,1,203,36,504.9800109863281,514.1400146484375,-0.017816165638017634,492.46819946289065,True,0.027090106262787295,0.6514522821576764,0.14522821576763487,0.14107883817427386,0.8493723849372385,2024-11
2024-11-22,241,42,1,180,59,505.7900085449219,514.1400146484375,-0.01624072405495467,493.07719970703124,True,0.03376892837682188,0.6556016597510373,0.17427385892116182,0.17012448132780084,0.7531380753138075,2024-11
2024-11-25,241,35,1,151,88,506.5899963378906,514.1400146484375,-0.014684751420699055,493.74419982910155,True,0.04613203143312372,0.7053941908713693,0.14522821576763487,0.14107883817427386,0.6317991631799164,2024-11
2024-11-26,241,26,3,100,138,509.30999755859375,514.1400146484375,-0.009394361365058224,494.4605999755859,True,0.03983816953251429,0.7053941908713693,0.1078838174273859,0.0954356846473029,0.42016806722689076,2024-11
2024-11-27,241,20,0,102,138,505.29998779296875,514.1400146484375,-0.017193812198246134,495.1377996826172,True,0.034157946136141204,0.6929460580912863,0.08298755186721991,0.08298755186721991,0.425,2024-11
2024-11-29,241,27,0,188,53,509.739990234375,514.1400146484375,-0.00855802755805961,495.66539978027345,True,0.011515665299260736,0.7136929460580913,0.11203319502074689,0.11203319502074689,0.7800829875518672,2024-11
2024-12-02,241,12,2,116,124,515.2899780273438,515.2899780273438,0.0,496.3223992919922,True,-0.007878994768262704,0.7012448132780082,0.04979253112033195,0.04149377593360996,0.48333333333333334,2024-12
2024-12-03,241,20,2,97,141,516.8699951171875,516.8699951171875,0.0,496.9989990234375,True,-0.012846526580352013,0.6763485477178424,0.08298755186721991,0.07468879668049792,0.40756302521008403,2024-12
2024-12-04,241,30,3,140,99,523.260009765625,523.260009765625,0.0,497.7567993164063,True,-0.008943914284367915,0.6556016597510373,0.12448132780082988,0.11203319502074689,0.5857740585774058,2024-12
2024-12-05,241,13,7,65,175,521.8099975585938,523.260009765625,-0.0027711122194886044,498.4765991210937,True,0.00523175194327985,0.6431535269709544,0.05394190871369295,0.024896265560165973,0.2708333333333333,2024-12
2024-12-06,239,35,9,145,93,526.47998046875,526.47998046875,0.0,499.2167987060547,True,-0.021463281059439066,0.6610878661087866,0.14644351464435146,0.1087866108786611,0.6092436974789915,2024-12
2024-12-09,241,14,3,103,137,522.3800048828125,526.47998046875,-0.007787524194722653,499.9293988037109,True,-0.013610753254534536,0.6680497925311203,0.058091286307053944,0.04564315352697095,0.42916666666666664,2024-12
2024-12-10,240,6,4,67,172,520.5999755859375,526.47998046875,-0.011168525111965803,500.57999816894534,True,-0.025758689537851542,0.6041666666666666,0.025,0.008333333333333333,0.2803347280334728,2024-12
2024-12-11,241,18,4,163,73,529.9199829101562,529.9199829101562,0.0,501.552998046875,True,-0.04596917673831624,0.6431535269709544,0.07468879668049792,0.058091286307053944,0.690677966101695,2024-12
2024-12-12,241,11,5,83,157,526.5,529.9199829101562,-0.006453772306103205,502.4439978027344,True,-0.04068378618752966,0.6182572614107884,0.04564315352697095,0.024896265560165973,0.3458333333333333,2024-12
2024-12-13,242,15,10,101,139,530.530029296875,530.530029296875,0.0,503.42279846191406,True,-0.02606830212452449,0.5867768595041323,0.06198347107438017,0.02066115702479339,0.42083333333333334,2024-12
2024-12-16,242,29,7,147,93,538.1699829101562,538.1699829101562,0.0,504.43979797363284,True,-0.04662089417294957,0.5826446280991735,0.11983471074380166,0.09090909090909091,0.6125,2024-12
2024-12-17,242,10,10,58,181,535.7999877929688,538.1699829101562,-0.004403803988419685,505.51379760742185,True,-0.026241130793057232,0.5454545454545454,0.04132231404958678,0.0,0.24267782426778242,2024-12
2024-12-18,242,6,22,19,223,516.469970703125,538.1699829101562,-0.04032185535448921,506.057197265625,True,0.016128753968992937,0.3884297520661157,0.024793388429752067,-0.06611570247933884,0.07851239669421488,2024-12
2024-12-19,242,1,25,89,152,514.1699829101562,538.1699829101562,-0.04459557530544515,506.47759704589845,True,0.033724307975595336,0.3512396694214876,0.004132231404958678,-0.09917355371900827,0.36929460580912865,2024-12
2024-12-20,242,6,6,178,62,518.6599731445312,538.1699829101562,-0.03625250457137083,506.9989965820312,True,0.026954155376880173,0.3760330578512397,0.024793388429752067,0.0,0.7416666666666667,2024-12
2024-12-23,242,3,1,140,101,522.8699951171875,538.1699829101562,-0.028429656574738723,507.5891967773438,True,0.012928662628862275,0.40082644628099173,0.012396694214876033,0.008264462809917356,0.5809128630705395,2024-12
2024-12-24,242,12,1,207,35,529.9600219726562,538.1699829101562,-0.015255330468460178,508.2383972167969,True,-0.02971922286019646,0.45041322314049587,0.049586776859504134,0.045454545454545456,0.8553719008264463,2024-12
2024-12-26,242,18,1,155,82,529.5999755859375,538.1699829101562,-0.015924350291475573,509.0133966064453,True,-0.014709173690435118,0.45867768595041325,0.0743801652892562,0.07024793388429752,0.6540084388185654,2024-12
2024-12-27,242,4,3,26,213,522.5599975585938,538.1699829101562,-0.02900567821927088,509.646396484375,True,-0.0033105872566451255,0.40082644628099173,0.01652892561983471,0.004132231404958678,0.1087866108786611,2024-12
2024-12-30,242,4,11,37,203,515.6099853515625,538.1699829101562,-0.04191983625062193,510.13359619140624,True,0.014429515821601901,0.3512396694214876,0.01652892561983471,-0.028925619834710745,0.15416666666666667,2024-12
2024-12-31,242,0,5,85,154,511.2300109863281,538.1699829101562,-0.050058481110652295,510.46879638671874,True,0.021634033220540694,0.34710743801652894,0.0,-0.02066115702479339,0.35564853556485354,2024-12
2025-01-02,242,4,9,148,92,510.2300109863281,538.1699829101562,-0.05191663008171251,510.76499633789064,False,0.015443964869885862,0.371900826446281,0.01652892561983471,-0.02066115702479339,0.6166666666666667,2025-01
2025-01-03,242,12,1,210,32,518.5800170898438,538.1699829101562,-0.03640107483211844,511.21739685058594,True,0.01135784916344118,0.45454545454545453,0.049586776859504134,0.045454545454545456,0.8677685950413223,2025-01
2025-01-06,242,15,5,154,87,524.5399780273438,538.1699829101562,-0.025326579548543744,511.94099670410156,True,0.0044038541490794,0.4834710743801653,0.06198347107438017,0.04132231404958678,0.6390041493775933,2025-01
2025-01-07,242,2,5,60,180,515.1799926757812,538.1699829101562,-0.04271882669868828,512.3981964111329,True,0.027990184236892812,0.47107438016528924,0.008264462809917356,-0.012396694214876033,0.25,2025-01
2025-01-08,242,1,3,91,148,515.27001953125,538.1699829101562,-0.04255154338983124,512.7971966552734,True,0.014846513650969895,0.4256198347107438,0.004132231404958678,-0.008264462809917356,0.3807531380753138,2025-01
2025-01-10,242,3,14,51,190,507.19000244140625,538.1699829101562,-0.05756541883147335,513.0329968261718,False,0.0434945433711349,0.36363636363636365,0.012396694214876033,-0.045454545454545456,0.21161825726141079,2025-01
2025-01-13,241,1,9,91,148,505.55999755859375,538.1699829101562,-0.060594210727294526,513.1409967041016,False,0.04436662865752483,0.3029045643153527,0.004149377593360996,-0.03319502074688797,0.3807531380753138,2025-01
2025-01-14,242,4,2,167,74,505.0799865722656,538.1699829101562,-0.06148614264763773,513.3149963378906,False,0.045972918820811115,0.36363636363636365,0.01652892561983471,0.008264462809917356,0.6929460580912863,2025-01
2025-01-15,242,7,1,212,30,516.7000122070312,538.1699829101562,-0.039894403970704664,513.9719964599609,True,0.03715891572175578,0.4669421487603306,0.028925619834710745,0.024793388429752067,0.8760330578512396,2025-01
2025-01-16,242,9,2,131,107,513.0800170898438,538.1699829101562,-0.04662089417294962,514.4849969482422,False,0.048861788588872024,0.49173553719008267,0.0371900826446281,0.028925619834710745,0.5504201680672269,2025-01
2025-01-17,242,9,1,170,69,521.739990234375,538.1699829101562,-0.03052937398502979,515.1995965576172,True,0.03379078700655613,0.5330578512396694,0.0371900826446281,0.03305785123966942,0.7112970711297071,2025-01
2025-01-21,242,31,1,195,45,524.7999877929688,538.1699829101562,-0.024843442670082042,515.851396484375,True,0.028048841617138498,0.6198347107438017,0.128099173553719,0.12396694214876033,0.8125,2025-01
2025-01-22,242,26,3,125,116,531.510009765625,538.1699829101562,-0.012375222245799403,516.3699969482421,True,0.010761736558164259,0.628099173553719,0.10743801652892562,0.09504132231404959,0.5186721991701245,2025-01
2025-01-23,242,26,1,138,98,532.6400146484375,538.1699829101562,-0.010275504835508337,516.7519976806641,True,-0.012316005891753301,0.6528925619834711,0.10743801652892562,0.10330578512396695,0.5847457627118644,2025-01
2025-01-24,242,19,1,83,154,529.6300048828125,538.1699829101562,-0.01586855138438563,517.0617974853516,True,-0.01842797740997426,0.5950413223140496,0.07851239669421488,0.0743801652892562,0.350210970464135,2025-01
2025-01-27,242,9,8,60,182,514.2100219726562,538.1699829101562,-0.04452117676265856,517.0691973876953,False,-0.0017308387826109328,0.39669421487603307,0.0371900826446281,0.004132231404958678,0.24793388429752067,2025-01
2025-01-28,242,12,12,135,97,521.8099975585938,538.1699829101562,-0.03039928994756604,517.2471978759766,True,-0.013893946137331192,0.4132231404958678,0.049586776859504134,0.0,0.5818965517241379,2025-01
2025-01-29,240,6,8,113,124,520.8300170898438,538.1699829101562,-0.03222023964723296,517.4187982177734,True,-0.03947550525419363,0.3875,0.025,-0.008333333333333333,0.4767932489451477,2025-01
2025-01-30,242,16,5,184,55,523.0499877929688,538.1699829101562,-0.028095203369437417,517.7059979248047,True,-0.028448474739519725,0.43388429752066116,0.06611570247933884,0.045454545454545456,0.7698744769874477,2025-01
2025-01-31,242,9,5,96,144,522.2899780273438,538.1699829101562,-0.029507414733429226,518.2203973388672,True,-0.04832562617744429,0.43388429752066116,0.0371900826446281,0.01652892561983471,0.4,2025-01
2025-02-03,242,10,11,66,172,518.1099853515625,538.1699829101562,-0.037274463822971386,518.582197265625,False,-0.043542873514174185,0.3884297520661157,0.04132231404958678,-0.004132231404958678,0.2773109243697479,2025-02
2025-02-04,242,16,4,167,73,524.469970703125,538.1699829101562,-0.025456663586007493,519.0023968505859,True,-0.04282411232694461,0.4090909090909091,0.06611570247933884,0.049586776859504134,0.6958333333333333,2025-02
2025-02-05,242,16,6,152,90,526.8499755859375,538.1699829101562,-0.02103425996189116,519.47599609375,True,-0.07336047294283654,0.4132231404958678,0.06611570247933884,0.04132231404958678,0.628099173553719,2025-02
2025-02-06,242,8,11,108,129,529.5999755859375,538.1699829101562,-0.015924350291475573,519.9683953857422,True,-0.07139344558916105,0.45867768595041325,0.03305785123966942,-0.012396694214876033,0.45569620253164556,2025-02
2025-02-07,242,9,13,66,171,522.9199829101562,538.1699829101562,-0.028336771808668268,520.3109948730469,True,-0.0959802141132774,0.4132231404958678,0.0371900826446281,-0.01652892561983471,0.27848101265822783,2025-02
2025-02-10,242,15,7,161,79,529.25,538.1699829101562,-0.016574657066381532,520.7641949462891,True,-0.10892771638447685,0.45041322314049587,0.06198347107438017,0.03305785123966942,0.6708333333333333,2025-02
2025-02-11,242,10,10,67,173,527.989990234375,538.1699829101562,-0.01891594291590345,521.1377947998047,True,-0.09672527462873048,0.4090909090909091,0.04132231404958678,0.0,0.2791666666666667,2025-02
2025-02-12,242,11,15,89,152,528.2999877929688,538.1699829101562,-0.018339921271371292,521.5977947998047,True,-0.11349610607709382,0.38016528925619836,0.045454545454545456,-0.01652892561983471,0.36929460580912865,2025-02
2025-02-13,242,13,7,169,70,535.9000244140625,538.1699829101562,-0.004217921043865994,522.1209954833985,True,-0.10494498635905891,0.41735537190082644,0.05371900826446281,0.024793388429752067,0.7071129707112971,2025-02
2025-02-14,242,7,10,90,150,538.1500244140625,538.1699829101562,-3.708585898051087e-05,522.5781964111328,True,-0.10290817223447757,0.4214876033057851,0.028925619834710745,-0.012396694214876033,0.375,2025-02
2025-02-18,242,16,5,153,84,539.3699951171875,539.3699951171875,0.0,523.0281964111329,True,-0.12019576016307731,0.4297520661157025,0.06611570247933884,0.045454545454545456,0.6455696202531646,2025-02
2025-02-19,242,12,3,135,105,539.52001953125,539.52001953125,0.0,523.3533966064454,True,-0.10867067534167107,0.4214876033057851,0.049586776859504134,0.0371900826446281,0.5625,2025-02
2025-02-20,242,5,4,86,153,537.22998046875,539.52001953125,-0.004244585890417282,523.6617962646484,True,-0.10790531580635987,0.4256198347107438,0.02066115702479339,0.004132231404958678,0.3598326359832636,2025-02
2025-02-21,242,2,14,21,219,526.0800170898438,539.52001953125,-0.02491103565180639,523.6537969970703,True,-0.0859945622002728,0.3305785123966942,0.008264462809917356,-0.049586776859504134,0.0875,2025-02
2025-02-24,242,2,13,57,184,519.8699951171875,539.52001953125,-0.03642130727815251,523.6035968017578,False,-0.05618710779508196,0.2809917355371901,0.008264462809917356,-0.045454545454545456,0.23651452282157676,2025-02
2025-02-25,242,1,18,68,174,513.3200073242188,539.52001953125,-0.04856170532799608,523.4579974365234,False,-0.03868934696830706,0.2603305785123967,0.004132231404958678,-0.07024793388429752,0.2809917355371901,2025-02
2025-02-26,242,3,8,160,80,514.5599975585938,539.52001953125,-0.04626338424724667,523.1507977294922,False,-0.05865203828314425,0.2809917355371901,0.012396694214876033,-0.02066115702479339,0.6666666666666666,2025-02
2025-02-27,242,3,22,51,190,500.2699890136719,539.52001953125,-0.0727499056507294,522.6261975097656,False,-0.03727985748906215,0.2024793388429752,0.012396694214876033,-0.07851239669421488,0.21161825726141079,2025-02
2025-02-28,242,3,12,179,61,508.1700134277344,539.52001953125,-0.058107215615007916,522.1789971923828,False,-0.07719859485944847,0.2190082644628099,0.012396694214876033,-0.0371900826446281,0.7458333333333333,2025-02
2025-03-03,242,4,41,34,208,497.04998779296875,539.52001953125,-0.07871817578739783,521.3565972900391,False,-0.056593853849868814,0.1859504132231405,0.01652892561983471,-0.15289256198347106,0.14049586776859505,2025-03
2025-03-04,242,0,22,109,130,495.54998779296875,539.52001953125,-0.08149842479706988,520.551597290039,False,-0.046110334272642106,0.18181818181818182,0.0,-0.09090909090909091,0.4560669456066946,2025-03
2025-03-05,242,1,9,195,46,502.010009765625,539.52001953125,-0.06952477833577841,520.2623980712891,False,-0.05151294867848144,0.2231404958677686,0.004132231404958678,-0.03305785123966942,0.8091286307053942,2025-03
2025-03-06,242,0,15,49,193,488.20001220703125,539.52001953125,-0.09512159969301417,519.7429986572265,False,-0.07689473086084697,0.16942148760330578,0.0,-0.06198347107438017,0.2024793388429752,2025-03
2025-03-07,242,4,6,174,64,491.7900085449219,539.52001953125,-0.08846754385091639,519.2055993652343,False,-0.14054778241976795,0.2231404958677686,0.01652892561983471,-0.008264462809917356,0.7310924369747899,2025-03
2025-03-10,242,2,30,28,213,472.7300109863281,539.52001953125,-0.1237952367420043,518.2027996826172,False,-0.10373787871559559,0.17355371900826447,0.008264462809917356,-0.11570247933884298,0.11618257261410789,2025-03
2025-03-11,242,1,17,130,111,471.6000061035156,539.52001953125,-0.12588970004624697,517.0355993652344,False,-0.11776931260838641,0.15702479338842976,0.004132231404958678,-0.06611570247933884,0.5394190871369294,2025-03
2025-03-12,242,0,12,144,97,476.9200134277344,539.52001953125,-0.11602906998317551,515.9820001220703,False,-0.02289694942606768,0.15289256198347106,0.0,-0.049586776859504134,0.5975103734439834,2025-03
2025-03-13,242,1,31,49,187,468.3399963378906,539.52001953125,-0.1319321259945137,514.8976000976562,False,-0.04731606062985427,0.14049586776859505,0.004132231404958678,-0.12396694214876033,0.2076271186440678,2025-03
2025-03-14,242,2,2,218,23,479.6600036621094,539.52001953125,-0.11095049989275407,514.1786004638672,False,-0.052662322421652474,0.17355371900826447,0.008264462809917356,0.0,0.9045643153526971,2025-03
2025-03-17,241,3,0,193,46,482.7699890136719,539.52001953125,-0.10518614409690326,513.6094000244141,False,-0.052385149455981495,0.2033195020746888,0.012448132780082987,0.012448132780082987,0.8075313807531381,2025-03
2025-03-18,242,4,7,51,189,474.5400085449219,539.52001953125,-0.1204404074621449,512.8955999755859,False,-0.03487591775726995,0.1859504132231405,0.01652892561983471,-0.012396694214876033,0.2125,2025-03
2025-03-19,242,3,4,193,47,480.8900146484375,539.52001953125,-0.10867067534167106,512.1417999267578,False,-0.07633766735517211,0.21074380165289255,0.012396694214876033,-0.004132231404958678,0.8041666666666667,2025-03
2025-03-20,242,1,4,70,169,479.260009765625,539.52001953125,-0.11169188831580443,511.23620056152345,False,-0.0733631075943596,0.19834710743801653,0.004132231404958678,-0.012396694214876033,0.2928870292887029,2025-03
2025-03-21,242,0,8,83,155,480.8399963378906,539.52001953125,-0.10876338424724667,510.5494006347656,False,-0.09926381197455092,0.19834710743801653,0.0,-0.03305785123966942,0.3487394957983193,2025-03
2025-03-24,242,0,1,203,35,490.6600036621094,539.52001953125,-0.09056200715515907,510.0572003173828,False,-0.09411811097523837,0.25206611570247933,0.0,-0.004132231404958678,0.8529411764705882,2025-03
2025-03-25,241,2,3,88,149,493.4599914550781,539.52001953125,-0.08537223162949562,509.78260009765626,False,-0.07883109992722803,0.23651452282157676,0.008298755186721992,-0.004149377593360996,0.37130801687763715,2025-03
2025-03-26,242,1,6,54,185,484.3800048828125,539.52001953125,-0.1022019807464136,509.35900024414065,False,-0.03515834387799921,0.2231404958677686,0.004132231404958678,-0.02066115702479339,0.22594142259414227,2025-03
2025-03-27,242,3,13,56,182,481.6199951171875,539.52001953125,-0.10731765702478965,508.8898004150391,False,-0.018811506271431466,0.2024793388429752,0.012396694214876033,-0.04132231404958678,0.23529411764705882,2025-03
2025-03-28,243,4,38,21,220,468.94000244140625,539.52001953125,-0.1308200150777827,507.9346002197266,False,0.007399669899427419,0.16049382716049382,0.01646090534979424,-0.13991769547325103,0.08713692946058091,2025-03
2025-03-31,243,5,39,87,156,468.9200134277344,539.52001953125,-0.1308570647014264,507.05140014648435,False,0.014096189461491493,0.1522633744855967,0.0205761316872428,-0.13991769547325103,0.35802469135802467,2025-03
2025-04-01,242,4,16,170,68,472.70001220703125,539.52001953125,-0.1238508394596253,506.0706005859375,False,0.005859930065875929,0.17768595041322313,0.01652892561983471,-0.049586776859504134,0.7142857142857143,2025-04
2025-04-02,243,1,1,197,42,476.1499938964844,539.52001953125,-0.11745630067596614,505.0976007080078,False,0.011613984774090147,0.20987654320987653,0.00411522633744856,0.0,0.8242677824267782,2025-04
2025-04-03,243,3,80,19,223,450.6600036621094,539.52001953125,-0.1647019807464136,503.4806005859375,False,0.0846979598810258,0.1440329218106996,0.012345679012345678,-0.3168724279835391,0.07851239669421488,2025-04
2025-04-04,243,0,95,10,233,422.6700134277344,539.52001953125,-0.21658140916631446,501.28120056152346,False,0.14966753552026635,0.08641975308641975,0.0,-0.39094650205761317,0.0411522633744856,2025-04
2025-04-07,243,0,45,139,103,423.69000244140625,539.52001953125,-0.21469086020288938,499.1624005126953,False,0.13623168091790272,0.07818930041152264,0.0,-0.18518518518518517,0.5743801652892562,2025-04
2025-04-08,243,0,80,46,197,416.05999755859375,539.52001953125,-0.22883306921571095,497.19940002441405,False,0.1616112835382728,0.06172839506172839,0.0,-0.3292181069958848,0.18930041152263374,2025-04
2025-04-09,243,2,1,239,4,466.0,539.52001953125,-0.1362693076618848,496.0832000732422,False,0.04783263636249324,0.13168724279835392,0.00823045267489712,0.00411522633744856,0.9835390946502057,2025-04
2025-04-10,243,2,7,33,209,446.17999267578125,539.52001953125,-0.17300567815178602,494.59019958496094,False,0.09366177155166344,0.10699588477366255,0.00823045267489712,-0.0205761316872428,0.13636363636363635,2025-04
2025-04-11,243,1,3,193,47,454.3999938964844,539.52001953125,-0.1577699113162108,493.2171997070312,False,0.11762766928911428,0.14814814814814814,0.00411522633744856,-0.00823045267489712,0.8041666666666667,2025-04
2025-04-14,256,13,15,170,68,457.4800109863281,539.52001953125,-0.1520611016736701,491.92100036621093,False,0.12702197795233783,0.15625,0.05078125,-0.0078125,0.7142857142857143,2025-04
2025-04-15,256,11,7,131,124,457.989990234375,539.52001953125,-0.151115855474113,490.7186004638672,False,0.13251381850146626,0.203125,0.04296875,0.015625,0.5137254901960784,2025-04
2025-04-16,255,2,18,48,204,444.17999267578125,539.52001953125,-0.17671267683134875,489.1128009033203,False,0.16900807907170723,0.16470588235294117,0.00784313725490196,-0.06274509803921569,0.19047619047619047,2025-04
2025-04-17,256,4,8,150,101,444.1000061035156,539.52001953125,-0.17686093189023447,487.4578015136719,False,0.1743075942315251,0.171875,0.015625,-0.015625,0.5976095617529881,2025-04
2025-04-21,256,1,22,21,231,433.1099853515625,539.52001953125,-0.19723092809816306,485.5280017089844,False,0.20525969712266257,0.1328125,0.00390625,-0.08203125,0.08333333333333333,2025-04
2025-04-22,256,5,1,233,22,444.4800109863281,539.52001953125,-0.1761565930908278,483.95920227050783,False,0.1705138739011891,0.20703125,0.01953125,0.015625,0.9137254901960784,2025-04
2025-04-23,256,8,2,220,34,454.55999755859375,539.52001953125,-0.15747334463412846,482.4654022216797,False,0.12865184086334347,0.26171875,0.03125,0.0234375,0.8661417322834646,2025-04
2025-04-24,256,9,2,230,24,467.3500061035156,539.52001953125,-0.13376707224031778,481.2526025390625,False,0.09981810909862632,0.34375,0.03515625,0.02734375,0.905511811023622,2025-04
2025-04-25,256,6,2,165,85,472.55999755859375,539.52001953125,-0.12411035651806393,480.137802734375,False,0.07761975805248555,0.36328125,0.0234375,0.015625,0.66,2025-04
2025-04-28,256,5,1,138,113,472.4100036621094,539.52001953125,-0.12438837010616895,478.8680023193359,False,0.10332119697432751,0.39453125,0.01953125,0.015625,0.549800796812749,2025-04
2025-04-29,256,3,2,132,123,475.5299987792969,539.52001953125,-0.11860546121634084,477.6156018066406,False,0.09122447474731854,0.41796875,0.01171875,0.00390625,0.5176470588235295,2025-04
2025-04-30,256,2,4,108,145,475.4700012207031,539.52001953125,-0.11871666665158286,476.3376019287109,False,0.09350745860082288,0.41015625,0.0078125,-0.0078125,0.4268774703557312,2025-04
2025-05-01,256,5,2,169,85,481.67999267578125,539.52001953125,-0.10720645158954764,475.18080139160156,True,0.07770717747244138,0.48828125,0.01953125,0.01171875,0.6653543307086615,2025-05
2025-05-02,256,12,1,229,27,488.8299865722656,539.52001953125,-0.09395394262297307,474.2128015136719,True,0.07033127333588429,0.65625,0.046875,0.04296875,0.89453125,2025-05
2025-05-05,256,3,2,77,178,485.92999267578125,539.52001953125,-0.09932907939547685,473.4098010253906,True,0.08513571037132928,0.60546875,0.01171875,0.00390625,0.30196078431372547,2025-05
2025-05-06,256,7,5,96,153,481.4100036621094,539.52001953125,-0.10770687604813668,472.6406011962891,True,0.09837771444064458,0.5859375,0.02734375,0.0078125,0.3855421686746988,2025-05
2025-05-07,256,8,3,156,98,483.29998779296875,539.52001953125,-0.10420379170939158,472.0402008056641,True,0.08584728177594747,0.62890625,0.03125,0.01953125,0.6141732283464567,2025-05
2025-05-08,256,11,5,192,63,488.2900085449219,539.52001953125,-0.09495479154015116,471.5148010253906,True,0.08525665820869333,0.6953125,0.04296875,0.0234375,0.7529411764705882,2025-05
2025-05-09,256,13,4,139,113,487.9700012207031,539.52001953125,-0.09554792490431581,471.26880126953125,True,0.0875668809136525,0.703125,0.05078125,0.03515625,0.5515873015873016,2025-05
2025-05-12,256,16,2,212,41,507.8500061035156,539.52001953125,-0.05870034897917257,471.26240112304686,True,0.051905120709534236,0.78125,0.0625,0.0546875,0.8379446640316206,2025-05
2025-05-13,256,18,2,172,83,515.5900268554688,539.52001953125,-0.0443542256255334,471.63320190429687,True,0.03262271458516297,0.78515625,0.0703125,0.0625,0.6745098039215687,2025-05
2025-05-14,256,12,1,109,144,518.6799926757812,539.52001953125,-0.038626976017637205,472.09580200195313,True,0.028880968381816308,0.76953125,0.046875,0.04296875,0.4308300395256917,2025-05
2025-05-15,256,14,2,118,134,519.25,539.52001953125,-0.03757046781852721,472.44060180664064,True,0.014848381266550303,0.79296875,0.0546875,0.046875,0.46825396825396826,2025-05
2025-05-16,1145,906,891,160,94,521.510009765625,539.52001953125,-0.03338154121004184,473.1068017578125,True,0.02450570079654324,0.1781659388646288,0.7912663755458516,0.013100436681222707,0.6299212598425197,2025-05
2025-05-19,1164,458,516,505,605,522.010009765625,539.52001953125,-0.03245479154015116,473.71120178222657,True,0.013543815620304045,0.5103092783505154,0.39347079037800686,-0.04982817869415808,0.45495495495495497,2025-05
2025-05-20,1164,294,416,491,643,520.27001953125,539.52001953125,-0.03567986229079124,474.662001953125,True,0.016760471247183384,0.5077319587628866,0.25257731958762886,-0.10481099656357389,0.4329805996472663,2025-05
2025-05-21,1164,75,671,122,1024,513.0399780273438,539.52001953125,-0.04908073944487333,475.49080139160156,True,0.026879073080275706,0.2869415807560137,0.06443298969072164,-0.5120274914089347,0.10645724258289703,2025-05
2025-05-22,1164,85,418,543,581,514.0,539.52001953125,-0.04730133935237937,476.2324011230469,True,0.03433856889895437,0.327319587628866,0.07302405498281787,-0.2860824742268041,0.4830960854092527,2025-05
2025-05-23,1164,93,410,407,724,509.239990234375,539.52001953125,-0.056124014310318146,477.05040100097654,True,0.059971800424479804,0.327319587628866,0.07989690721649484,-0.27233676975945015,0.3598585322723254,2025-05
2025-05-27,1164,196,97,954,195,521.219970703125,539.52001953125,-0.033919128420896394,477.88160034179685,True,0.03825640528413987,0.563573883161512,0.16838487972508592,0.08505154639175258,0.8302872062663186,2025-05
2025-05-28,1164,91,177,292,840,518.9099731445312,539.52001953125,-0.03820070737064647,478.6044000244141,True,0.05262954842262624,0.45017182130584193,0.0781786941580756,-0.07388316151202749,0.2579505300353357,2025-05
2025-05-29,1164,127,116,681,454,519.9299926757812,539.52001953125,-0.0363101018429105,479.51219970703124,True,0.054161203578127814,0.5197594501718213,0.109106529209622,0.009450171821305841,0.6,2025-05
2025-05-30,1164,112,167,427,707,519.1099853515625,539.52001953125,-0.03782998487696584,480.27659912109374,True,0.06266500397761443,0.4836769759450172,0.09621993127147767,-0.04725085910652921,0.3765432098765432,2025-05
2025-06-02,1164,167,201,587,555,523.2100219726562,539.52001953125,-0.03023056970668916,481.15559936523437,True,0.0454501390704658,0.48625429553264604,0.14347079037800686,-0.029209621993127148,0.5140105078809106,2025-06
2025-06-03,1164,200,63,852,286,527.2999877929688,539.52001953125,-0.0226498207590116,482.0847991943359,True,0.044566661376875816,0.6082474226804123,0.1718213058419244,0.11769759450171821,0.7486818980667839,2025-06
2025-06-04,1164,156,91,546,580,528.77001953125,539.52001953125,-0.019925117902649652,482.84699951171876,True,0.051912835747021324,0.5945017182130584,0.13402061855670103,0.05584192439862543,0.4849023090586146,2025-06
2025-06-05,1164,115,128,440,682,524.7899780273438,539.52001953125,-0.02730212220244231,483.4735992431641,True,0.05190657674509169,0.5627147766323024,0.09879725085910653,-0.011168384879725086,0.39215686274509803,2025-06
2025-06-06,1164,245,34,930,207,529.9199829101562,539.52001953125,-0.017793661539074173,484.38439880371095,True,0.04230835723949977,0.6847079037800687,0.2104810996563574,0.18127147766323023,0.8179419525065963,2025-06
2025-06-09,1164,227,72,689,446,530.7000122070312,539.52001953125,-0.01634787775230624,485.3659991455078,True,0.04814393669733219,0.7061855670103093,0.1950171821305842,0.1331615120274914,0.6070484581497797,2025-06
2025-06-10,1164,251,59,689,439,534.2100219726562,539.52001953125,-0.009842076969094166,486.6713995361328,True,0.03975962516753784,0.7242268041237113,0.21563573883161513,0.16494845360824742,0.6108156028368794,2025-06
2025-06-11,1164,149,86,443,687,532.4099731445312,539.52001953125,-0.01317846628359807,487.9411987304687,True,0.04092718048424837,0.6890034364261168,0.12800687285223367,0.05412371134020619,0.3920353982300885,2025-06
2025-06-12,1164,131,74,527,614,533.6599731445312,539.52001953125,-0.010861592108871365,489.16039794921875,True,0.04225546220986254,0.6529209621993127,0.11254295532646048,0.04896907216494845,0.4618755477651183,2025-06
2025-06-13,1164,67,194,195,947,526.9600219726562,539.52001953125,-0.02327994718250905,490.17659851074217,True,0.05647477510544996,0.5,0.05756013745704467,-0.109106529209622,0.17075306479859895,2025-06
2025-06-16,1164,111,99,788,359,534.2899780273438,539.52001953125,-0.009693878474519363,491.84919799804686,True,0.0430477848095121,0.584192439862543,0.09536082474226804,0.010309278350515464,0.6870095902353966,2025-06
2025-06-17,1164,76,178,290,852,529.0800170898438,539.52001953125,-0.019350537632462302,493.9773980712891,True,0.06184314214530007,0.4948453608247423,0.06529209621993128,-0.08762886597938144,0.2539404553415061,2025-06
2025-06-18,1164,87,127,623,500,528.989990234375,539.52001953125,-0.019517402349636222,496.0833978271484,True,0.06100308158374124,0.5214776632302406,0.07474226804123711,-0.03436426116838488,0.5547640249332146,2025-06
2025-06-20,1164,75,126,493,639,526.8300170898438,539.52001953125,-0.023520911146970372,498.2987982177734,True,0.07087668623472654,0.506872852233677,0.06443298969072164,-0.04381443298969072,0.43551236749116606,2025-06
2025-06-23,1164,130,75,738,402,531.6500244140625,539.52001953125,-0.014587030753789582,499.6117987060547,True,0.055675678033796805,0.5738831615120275,0.11168384879725086,0.04725085910652921,0.6473684210526316,2025-06
2025-06-24,1164,181,31,881,257,539.780029296875,539.780029296875,0.0,501.4837994384766,True,0.04451807580399092,0.6640893470790378,0.15549828178694158,0.12886597938144329,0.7741652021089631,2025-06
2025-06-25,1164,96,84,351,782,541.1599731445312,541.1599731445312,0.0,503.2189990234375,True,0.04407206335403524,0.5902061855670103,0.08247422680412371,0.010309278350515464,0.30979699911738745,2025-06
2025-06-26,1164,186,35,885,257,546.219970703125,546.219970703125,0.0,504.9937982177734,True,0.036889944518367246,0.6563573883161512,0.15979381443298968,0.12972508591065293,0.7749562171628721,2025-06
2025-06-27,1164,172,50,594,531,548.0900268554688,548.0900268554688,0.0,506.7957989501953,True,0.03658155925222828,0.6486254295532646,0.14776632302405499,0.10481099656357389,0.528,2025-06
2025-06-30,1164,165,43,678,451,551.6400146484375,551.6400146484375,0.0,508.94499938964844,True,0.028315558520790374,0.6469072164948454,0.14175257731958762,0.10481099656357389,0.6005314437555359,2025-06
2025-07-01,1164,239,37,715,422,546.989990234375,551.6400146484375,-0.008429454518497866,511.00279907226565,True,0.03844682658244625,0.7164948453608248,0.20532646048109965,0.17353951890034364,0.6288478452066842,2025-07
2025-07-02,1163,299,32,833,309,550.7999877929688,551.6400146484375,-0.0015227808591878576,513.3565991210937,True,0.02579886078786986,0.7360275150472915,0.25709372312983664,0.2295786758383491,0.7294220665499125,2025-07
2025-07-03,1164,289,12,807,326,556.219970703125,556.219970703125,0.0,515.5913983154297,True,-0.004206916015919049,0.7654639175257731,0.24828178694158076,0.23797250859106528,0.7122683142100618,2025-07
2025-07-07,1164,90,54,240,895,552.030029296875,556.219970703125,-0.007532885597317622,517.5407989501953,True,0.02186469949560288,0.6984536082474226,0.07731958762886598,0.030927835051546393,0.21145374449339208,2025-07
2025-07-08,1164,120,44,706,435,552.3400268554688,556.219970703125,-0.006975556528025346,519.2405993652344,True,0.014357049569044378,0.7190721649484536,0.10309278350515463,0.06529209621993128,0.6187554776511832,2025-07
2025-07-09,1164,173,37,713,420,556.25,556.25,0.0,520.9143994140625,True,0.019901123595505776,0.7422680412371134,0.1486254295532646,0.11683848797250859,0.6293027360988526,2025-07
2025-07-10,1164,224,37,708,425,555.4500122070312,556.25,-0.001438180301966292,522.575199584961,True,0.024826694553800488,0.7482817869415808,0.19243986254295534,0.16065292096219932,0.6248896734333628,2025-07
2025-07-11,1164,72,72,285,852,554.2000122070312,556.25,-0.0036853713132022473,524.1485998535156,True,0.03671957297858497,0.6932989690721649,0.061855670103092786,0.0,0.25065963060686014,2025-07
2025-07-14,1164,123,38,663,475,556.2100219726562,556.25,-7.187061095505617e-05,525.7634002685547,True,0.029916717372924007,0.7190721649484536,0.1056701030927835,0.07302405498281787,0.5826010544815465,2025-07
2025-07-15,1164,52,88,227,923,556.719970703125,556.719970703125,0.0,527.2641998291016,True,0.04190621950818407,0.622852233676976,0.044673539518900345,-0.030927835051546393,0.1973913043478261,2025-07
2025-07-16,1164,96,40,789,349,557.2899780273438,557.2899780273438,0.0,528.6333996582031,True,0.041360912418068496,0.6520618556701031,0.08247422680412371,0.048109965635738834,0.6933216168717048,2025-07
2025-07-17,1164,162,33,841,295,561.7999877929688,561.7999877929688,0.0,530.1507995605468,True,0.032200093627801296,0.686426116838488,0.13917525773195877,0.11082474226804123,0.7403169014084507,2025-07
2025-07-18,1164,105,57,464,668,561.260009765625,561.7999877929688,-0.0009611570649281316,531.7477996826171,True,0.02864980571320208,0.6701030927835051,0.09020618556701031,0.041237113402061855,0.4098939929328622,2025-07
2025-07-21,1164,91,55,512,628,564.1699829101562,564.1699829101562,0.0,533.3651995849609,True,0.022936379959627162,0.6580756013745704,0.0781786941580756,0.030927835051546393,0.44912280701754387,2025-07
2025-07-22,1164,151,27,759,385,561.25,564.1699829101562,-0.005175714764358981,534.8243994140626,True,0.014307349665924285,0.7027491408934707,0.12972508591065293,0.10652920962199312,0.6634615384615384,2025-07
2025-07-23,1164,218,26,824,314,563.8099975585938,564.1699829101562,-0.0006380795903135234,536.3411993408204,True,0.0037069268910738806,0.7577319587628866,0.1872852233676976,0.16494845360824742,0.7240773286467487,2025-07
2025-07-24,1164,123,36,367,767,565.010009765625,565.010009765625,0.0,537.4843994140625,True,-0.0030619099409276984,0.6984536082474226,0.1056701030927835,0.07474226804123711,0.3236331569664903,2025-07
2025-07-25,1164,157,31,614,514,566.3699951171875,566.3699951171875,0.0,538.4999987792969,True,0.009887538060087131,0.7070446735395189,0.13487972508591065,0.10824742268041238,0.5443262411347518,2025-07
2025-07-28,1164,103,54,414,723,568.1400146484375,568.1400146484375,0.0,539.48919921875,True,0.0038370565271863555,0.6726804123711341,0.08848797250859107,0.04209621993127148,0.3641160949868074,2025-07
2025-07-29,1164,70,73,371,765,567.260009765625,568.1400146484375,-0.001548922554516853,540.4493994140626,True,0.009431283965505521,0.6280068728522337,0.06013745704467354,-0.002577319587628866,0.3265845070422535,2025-07
2025-07-30,1164,78,98,366,767,568.02001953125,568.1400146484375,-0.00021120694563601974,541.379599609375,True,0.009629907891739453,0.5893470790378007,0.06701030927835051,-0.01718213058419244,0.323036187113857,2025-07
2025-07-31,1164,67,126,334,803,565.01,568.1400146484375,-0.005509231118625482,542.2395994140625,True,0.021362453761880396,0.5249140893470791,0.05756013745704467,-0.0506872852233677,0.2937554969217238,2025-07
2025-08-01,1164,34,166,251,896,553.88,568.1400146484375,-0.025099472455326947,542.9117990234375,True,0.02982595508052288,0.4321305841924399,0.029209621993127148,-0.1134020618556701,0.21883173496076722,2025-08
2025-08-04,1164,98,50,936,199,564.1,568.1400146484375,-0.00711094896376454,543.9329994628906,True,0.0026945577025350165,0.511168384879725,0.08419243986254296,0.041237113402061855,0.824669603524229,2025-08
2025-08-05,1164,69,60,578,552,560.27,568.1400146484375,-0.013852244949350114,544.8583994628906,True,0.017491566566119943,0.5171821305841925,0.059278350515463915,0.007731958762886598,0.511504424778761,2025-08
2025-08-06,1164,65,78,507,622,567.32,568.1400146484375,-0.0014433319732722423,546.0199996582031,True,0.01394274836071352,0.4948453608247423,0.05584192439862543,-0.011168384879725086,0.44906997342781224,2025-08
2025-08-07,1164,62,87,486,652,569.24,569.24,0.0,546.9804002441406,True,0.011980886796430168,0.47508591065292094,0.05326460481099656,-0.02147766323024055,0.4270650263620387,2025-08
2025-08-08,1164,78,103,571,562,574.55,574.55,0.0,548.09320078125,True,0.007518927856583479,0.49054982817869414,0.06701030927835051,-0.02147766323024055,0.5039717563989409,2025-08
2025-08-11,1164,61,113,455,678,572.85,574.55,-0.002958837350970206,549.1516009277344,True,0.013371737802216899,0.48109965635738833,0.05240549828178694,-0.044673539518900345,0.40158870255957635,2025-08
2025-08-12,1164,154,44,914,226,580.05,580.05,0.0,550.3704012207031,True,0.00112059305232326,0.5498281786941581,0.1323024054982818,0.09450171821305842,0.8017543859649123,2025-08
2025-08-13,1164,176,17,876,263,580.34,580.34,0.0,551.51300078125,True,0.0064444980528655105,0.5945017182130584,0.15120274914089346,0.13659793814432988,0.7690956979806848,2025-08
2025-08-14,1164,68,35,310,829,579.89,580.34,-0.0007754075197298919,552.5648010253906,True,0.011674627946679506,0.5721649484536082,0.058419243986254296,0.028350515463917526,0.2721685689201054,2025-08
2025-08-15,1164,50,42,432,700,577.34,580.34,-0.0051693834648654235,553.5362006347656,True,0.024838050368933162,0.5515463917525774,0.0429553264604811,0.006872852233676976,0.38162544169611307,2025-08
2025-08-18,1164,52,30,633,505,577.11,580.34,-0.005565702863838471,554.5826010742188,True,0.024380100847325448,0.5481099656357389,0.044673539518900345,0.018900343642611683,0.5562390158172232,2025-08
2025-08-19,1164,57,43,476,662,569.28,580.34,-0.019057793707137297,555.3698014160157,True,0.03639685216413713,0.5283505154639175,0.04896907216494845,0.012027491408934709,0.4182776801405975,2025-08
2025-08-20,1164,56,40,480,647,565.9,580.34,-0.024881965744218998,556.0738011718751,True,0.05198798374271085,0.5137457044673539,0.048109965635738834,0.013745704467353952,0.4259094942324756,2025-08
2025-08-21,1164,53,27,563,564,563.28,580.34,-0.029396560636868144,556.6552007324219,True,0.06403564834540565,0.5171821305841925,0.04553264604810996,0.022336769759450172,0.49955634427684115,2025-08
2025-08-22,1164,190,4,1020,126,571.97,580.34,-0.014422579866974539,557.4464012695313,True,0.05285242232984255,0.6288659793814433,0.16323024054982818,0.15979381443298968,0.8900523560209425,2025-08
2025-08-25,1164,91,19,345,788,570.32,580.34,-0.017265740772650483,558.1796018066407,True,0.04888483658297105,0.6013745704467354,0.0781786941580756,0.061855670103092786,0.30450132391879964,2025-08
2025-08-26,1164,128,11,669,457,572.61,580.34,-0.013319778061136605,559.0926013671875,True,0.04102268559752709,0.6065292096219931,0.10996563573883161,0.10051546391752578,0.5941385435168739,2025-08
2025-08-27,1164,123,12,707,429,573.49,580.34,-0.011803425578109423,559.8766018066406,True,0.03494393973739718,0.6254295532646048,0.1056701030927835,0.09536082474226804,0.6223591549295775,2025-08
2025-08-28,1164,109,18,576,547,577.08,580.34,-0.005617396698487077,560.8366014648437,True,0.032733763083107936,0.6237113402061856,0.0936426116838488,0.0781786941580756,0.5129118432769367,2025-08
2025-08-29,1164,87,18,500,623,570.4,580.34,-0.017127890546920863,561.6648016601562,True,0.0496669004207575,0.6099656357388317,0.07474226804123711,0.059278350515463915,0.4452359750667854,2025-08
2025-09-02,1164,61,45,346,783,565.62,580.34,-0.025364441534273058,562.4406013183594,True,0.061437007177963965,0.570446735395189,0.05240549828178694,0.013745704467353952,0.30646589902568644,2025-09
2025-09-03,1164,66,50,487,640,570.07,580.34,-0.017696522728055934,563.2090008300781,True,0.058203378532460937,0.5575601374570447,0.05670103092783505,0.013745704467353952,0.4321206743566992,2025-09
2025-09-04,1164,133,41,741,390,575.23,580.34,-0.008805183168487461,563.9180002441407,True,0.05302226935312837,0.5798969072164949,0.11426116838487972,0.07903780068728522,0.6551724137931034,2025-09
2025-09-05,1164,114,34,667,462,576.06,580.34,-0.007374987076541486,564.61600078125,True,0.04707842933027817,0.5824742268041238,0.0979381443298969,0.06872852233676977,0.5907883082373782,2025-09
2025-09-08,1164,107,41,587,547,578.87,580.34,-0.0025329978977841044,565.2690013671876,True,0.04982120337899709,0.584192439862543,0.09192439862542956,0.05670103092783505,0.517636684303351,2025-09
2025-09-09,1164,79,42,495,629,580.51,580.51,0.0,565.9174008300781,True,0.04134295705500346,0.5738831615120275,0.06786941580756013,0.03178694158075601,0.4403914590747331,2025-09
2025-09-10,1164,87,57,474,660,580.7,580.7,0.0,566.4986005371094,True,0.0529361115894611,0.5764604810996563,0.07474226804123711,0.02577319587628866,0.41798941798941797,2025-09
2025-09-11,1164,162,10,885,246,584.08,584.08,0.0,567.2404007324219,True,0.04557594850020541,0.6219931271477663,0.13917525773195877,0.13058419243986255,0.7824933687002652,2025-09
2025-09-12,1164,83,31,329,802,586.66,586.66,0.0,567.9576009765625,True,0.004840964101864742,0.5979381443298969,0.07130584192439862,0.044673539518900345,0.29089301503094606,2025-09
2025-09-15,1164,119,52,577,555,591.68,591.68,0.0,568.6668015624999,True,0.01745876149269887,0.5798969072164949,0.10223367697594501,0.05756013745704467,0.5097173144876325,2025-09
2025-09-16,1164,93,41,527,609,591.18,591.68,-0.0008450513791238508,569.4498009765625,True,0.01153624953482879,0.5798969072164949,0.07989690721649484,0.044673539518900345,0.4639084507042254,2025-09
2025-09-17,1164,83,36,574,565,590.0,591.68,-0.002839372633856054,570.2030004394531,True,0.020711864406779634,0.5859106529209622,0.07130584192439862,0.040378006872852236,0.5039508340649693,2025-09
2025-09-18,1164,183,19,876,261,595.32,595.32,0.0,570.9844004394531,True,0.00784452059396612,0.6374570446735395,0.15721649484536082,0.140893470790378,0.7704485488126649,2025-09
2025-09-19,1164,111,40,424,715,599.35,599.35,0.0,571.8624001953125,True,0.007641611746058041,0.6237113402061856,0.09536082474226804,0.06099656357388316,0.3722563652326602,2025-09
2025-09-22,1164,136,35,650,493,602.2,602.2,0.0,572.8223999511719,True,0.015509797409498427,0.6073883161512027,0.11683848797250859,0.08676975945017182,0.5686789151356081,2025-09
2025-09-23,1164,84,42,481,648,598.2,602.2,-0.006642311524410495,573.6621995117188,True,0.022032764961551266,0.6134020618556701,0.07216494845360824,0.03608247422680412,0.42604074402125774,2025-09
2025-09-24,1164,54,38,449,677,596.1,602.2,-0.010129525074726042,574.4498000976563,True,0.015752390538500194,0.5927835051546392,0.04639175257731959,0.013745704467353952,0.3987566607460036,2025-09
2025-09-25,1164,32,61,285,849,593.53,602.2,-0.014397210229159867,575.1746005371093,True,0.028726433373207794,0.5549828178694158,0.027491408934707903,-0.02491408934707904,0.25132275132275134,2025-09
2025-09-26,1164,80,28,771,357,595.97,602.2,-0.010345400199269375,575.85800078125,True,0.035454804772052206,0.5902061855670103,0.06872852233676977,0.044673539518900345,0.6835106382978723,2025-09
2025-09-29,1164,94,42,588,550,598.73,602.2,-0.005762205247426149,576.6074005859375,True,0.04903712858884646,0.5773195876288659,0.08075601374570447,0.044673539518900345,0.5166959578207382,2025-09
2025-09-30,1164,86,32,588,545,600.37,602.2,-0.0030388575224178692,577.3314009277343,True,0.05421656645068862,0.5730240549828178,0.07388316151202749,0.04639175257731959,0.5189761694616064,2025-09
2025-10-01,1164,92,55,583,548,603.25,603.25,0.0,578.1714009277343,True,0.053907998342312524,0.5833333333333334,0.07903780068728522,0.03178694158075601,0.515473032714412,2025-10
2025-10-02,1164,108,33,653,473,605.73,605.73,0.0,579.0098009765625,True,0.03354629950638066,0.5781786941580757,0.09278350515463918,0.06443298969072164,0.5799289520426287,2025-10
2025-10-03,1164,119,24,726,414,603.18,605.73,-0.004209796443960293,579.77320078125,True,0.04292251069332553,0.6185567010309279,0.10223367697594501,0.08161512027491409,0.6368421052631579,2025-10
2025-10-06,1164,147,44,617,528,607.71,607.71,0.0,580.6000008789063,True,0.04010136413749987,0.6194158075601375,0.12628865979381443,0.08848797250859107,0.5388646288209606,2025-10
2025-10-07,1164,73,55,356,782,604.51,607.71,-0.005265669480508869,581.3274005859375,True,0.02438338489024172,0.5824742268041238,0.0627147766323024,0.015463917525773196,0.31282952548330406,2025-10
2025-10-08,1164,118,30,720,411,611.44,611.44,0.0,582.211000390625,True,0.0193641240350646,0.6065292096219931,0.1013745704467354,0.07560137457044673,0.636604774535809,2025-10
2025-10-09,1164,87,64,394,743,610.7,611.44,-0.0012102577521915627,583.0646,True,0.001588341247748426,0.5678694158075601,0.07474226804123711,0.019759450171821305,0.3465259454705365,2025-10
2025-10-10,1164,30,121,121,1032,589.5,611.44,-0.03588250686903057,583.5544,True,0.03433418150975398,0.43556701030927836,0.02577319587628866,-0.0781786941580756,0.1049436253252385,2025-10
2025-10-13,1164,84,38,872,269,602.01,611.44,-0.0154226089231978,584.517,True,0.03524858391056629,0.49140893470790376,0.07216494845360824,0.03951890034364261,0.7642418930762489,2025-10
2025-10-14,1164,95,18,788,353,598.0,611.44,-0.021980897553316846,585.195,True,0.03941471571906363,0.5378006872852233,0.08161512027491409,0.0661512027491409,0.6906222611744084,2025-10
2025-10-15,1164,120,35,633,503,602.22,611.44,-0.015079157398927167,586.034,True,0.031317458736010106,0.5420962199312714,0.10309278350515463,0.07302405498281787,0.5572183098591549,2025-10
2025-10-16,1164,51,85,290,848,599.99,611.44,-0.018726285489990915,586.6874,True,0.01401690028167124,0.47680412371134023,0.04381443298969072,-0.029209621993127148,0.2548330404217926,2025-10
2025-10-17,1164,28,48,524,616,603.93,611.44,-0.012282480701295473,587.3812,True,0.008163197721590354,0.46735395189003437,0.024054982817869417,-0.01718213058419244,0.45964912280701753,2025-10
2025-10-20,1164,75,25,910,228,611.54,611.54,0.0,588.1210000000001,True,-0.012885502174837304,0.538659793814433,0.06443298969072164,0.0429553264604811,0.7996485061511424,2025-10
2025-10-21,1164,40,19,557,573,611.38,611.54,-0.00026163456192557834,588.8915999999999,True,-0.024649154372076376,0.5575601374570447,0.03436426116838488,0.01804123711340206,0.4929203539823009,2025-10
2025-10-22,1164,28,42,345,797,605.49,611.54,-0.009893056872812825,589.4004,True,-0.009281738757039748,0.4965635738831615,0.024054982817869417,-0.012027491408934709,0.3021015761821366,2025-10
2025-10-23,1164,64,22,746,389,610.58,611.54,-0.001569807371553656,590.0052,True,-0.04079727472239525,0.5438144329896907,0.054982817869415807,0.03608247422680412,0.6572687224669603,2025-10
2025-10-24,1164,85,22,732,406,617.1,617.1,0.0,590.7494,True,-0.04380165289256199,0.5687285223367697,0.07302405498281787,0.05412371134020619,0.6432337434094904,2025-10
2025-10-27,1164,93,30,583,552,628.09,628.09,0.0,591.7644,True,-0.03650750688595594,0.5670103092783505,0.07989690721649484,0.05412371134020619,0.5136563876651983,2025-10
2025-10-28,1164,69,45,377,761,632.92,632.92,0.0,592.8806,True,-0.037966883650382366,0.5257731958762887,0.059278350515463915,0.020618556701030927,0.3312829525483304,2025-10
2025-10-29,1164,82,107,352,790,635.77,635.77,0.0,594.2104,True,-0.03381726095915194,0.468213058419244,0.070446735395189,-0.02147766323024055,0.30823117338003503,2025-10
2025-10-30,1164,54,98,385,757,626.05,635.77,-0.01528854774525383,595.4133999999999,True,-0.010861752256209445,0.43556701030927836,0.04639175257731959,-0.037800687285223365,0.3371278458844133,2025-10
2025-10-31,1164,58,55,682,458,629.07,635.77,-0.010538402252386763,596.7292,True,-0.018916813709126346,0.45618556701030927,0.04982817869415808,0.002577319587628866,0.5982456140350877,2025-10
2025-11-03,1164,61,87,449,683,632.08,635.77,-0.005803985718105511,597.9313999999999,True,-0.015947348436906816,0.42869415807560135,0.05240549828178694,-0.022336769759450172,0.39664310954063603,2025-11
2025-11-04,1164,31,109,284,860,619.25,635.77,-0.02598423958349715,598.91,True,0.006895438029874912,0.3694158075601375,0.02663230240549828,-0.06701030927835051,0.24825174825174826,2025-11
2025-11-05,1164,69,64,747,388,623.28,635.77,-0.01964546927347942,599.9234,True,-0.000545501219355482,0.39948453608247425,0.059278350515463915,0.00429553264604811,0.6581497797356828,2025-11
2025-11-06,1164,52,134,294,849,611.67,635.77,-0.037906790191421465,600.687,True,0.02257753363741899,0.3582474226804124,0.044673539518900345,-0.070446735395189,0.2572178477690289,2025-11
2025-11-07,1164,59,77,719,417,609.74,635.77,-0.04094247919845223,601.3402,True,0.023846229540459785,0.3848797250859107,0.0506872852233677,-0.015463917525773196,0.6329225352112676,2025-11
2025-11-10,1164,84,66,720,415,623.23,635.77,-0.019724114066407606,602.3968,True,0.0029202702052211205,0.40463917525773196,0.07216494845360824,0.015463917525773196,0.6343612334801763,2025-11
2025-11-11,1164,78,45,657,484,621.57,635.77,-0.022335121191625795,603.5157999999999,True,0.009717328699905048,0.4175257731958763,0.06701030927835051,0.028350515463917526,0.5758106923751095,2025-11
2025-11-12,1163,68,48,553,580,621.08,635.77,-0.023105840162322762,604.536,True,0.00724544342113731,0.42562338779019776,0.058469475494411005,0.017196904557179708,0.4880847308031774,2025-11
2025-11-13,1164,24,99,235,906,608.4,635.77,-0.04305015964892965,605.1994,True,0.008579881656804789,0.35223367697594504,0.020618556701030927,-0.06443298969072164,0.20595968448729185,2025-11
2025-11-14,1164,21,92,460,671,608.86,635.77,-0.0423266275539896,605.8554,True,0.0027592550011497075,0.3384879725085911,0.01804123711340206,-0.06099656357388316,0.40671971706454463,2025-11
2025-11-17,1164,17,154,202,939,603.66,635.77,-0.050505686018528735,606.3512,False,0.01340158367292843,0.2852233676975945,0.014604810996563574,-0.11769759450171821,0.17703768624014024,2025-11
2025-11-18,1164,40,95,609,517,596.31,635.77,-0.06206647057898303,606.6672,False,0.006875618386409821,0.29553264604810997,0.03436426116838488,-0.04725085910652921,0.5408525754884547,2025-11
2025-11-19,1164,30,112,479,666,599.87,635.77,-0.0564669613224908,607.0506,False,0.015403337389767735,0.28865979381443296,0.02577319587628866,-0.070446735395189,0.4183406113537118,2025-11
2025-11-20,1164,11,159,259,889,585.67,635.77,-0.07880208251411677,607.0824,False,0.05357966090119004,0.25,0.009450171821305841,-0.12714776632302405,0.22560975609756098,2025-11
2025-11-21,1164,55,45,922,215,590.07,635.77,-0.07188134073642974,607.1505999999999,False,0.04938397139322448,0.327319587628866,0.04725085910652921,0.00859106529209622,0.810905892700088,2025-11
2025-11-24,1164,67,40,742,392,605.16,635.77,-0.04814634223068093,607.4202,False,0.028009121554630312,0.359106529209622,0.05756013745704467,0.023195876288659795,0.654320987654321,2025-11
2025-11-25,1164,85,18,897,240,608.89,635.77,-0.04227944067823269,607.7744,True,0.024700684852764887,0.4269759450171821,0.07302405498281787,0.05756013745704467,0.7889182058047494,2025-11
2025-11-26,1164,78,13,779,359,614.27,635.77,-0.0338172609591519,608.2598,True,0.015660865743077235,0.4579037800687285,0.06701030927835051,0.05584192439862543,0.6845342706502636,2025-11
2025-11-28,1164,71,7,809,322,619.25,635.77,-0.02598423958349715,608.7384000000001,True,0.0026160678239806057,0.4836769759450172,0.06099656357388316,0.054982817869415807,0.7152961980548187,2025-11
2025-12-01,1164,45,28,343,804,617.17,635.77,-0.02925586296931284,609.0948,True,0.003661875982306384,0.4647766323024055,0.03865979381443299,0.014604810996563574,0.2990409764603313,2025-12
2025-12-02,1164,46,32,517,610,622.0,635.77,-0.021658775972442836,609.4907999999999,True,-0.012363344051447012,0.4518900343642612,0.03951890034364261,0.012027491408934709,0.4587400177462289,2025-12
2025-12-03,1164,100,19,861,273,623.52,635.77,-0.019267974267423753,609.9971999999999,True,-0.01667949704901206,0.5034364261168385,0.0859106529209622,0.06958762886597938,0.7592592592592593,2025-12
2025-12-04,1164,86,18,660,473,622.94,635.77,-0.02018025386539146,610.534,True,-0.00794619064436386,0.5240549828178694,0.07388316151202749,0.058419243986254296,0.5825242718446602,2025-12
2025-12-05,1164,73,31,502,641,625.48,635.77,-0.016185098384635898,611.173,True,-0.0032934706145680837,0.5077319587628866,0.0627147766323024,0.03608247422680412,0.43919510061242345,2025-12
2025-12-08,1164,57,36,491,644,624.28,635.77,-0.018072573414914212,611.7392,True,-0.0004164797847119317,0.4896907216494845,0.04896907216494845,0.01804123711340206,0.4325991189427313,2025-12
2025-12-09,1164,65,30,653,489,625.05,635.77,-0.016861443603819033,612.2656,True,-0.007327413806895278,0.49742268041237114,0.05584192439862543,0.03006872852233677,0.5718038528896673,2025-12
2025-12-10,1164,136,23,800,335,627.61,635.77,-0.012834830205892019,612.8104,True,-0.0015296123388729432,0.5532646048109966,0.11683848797250859,0.09707903780068729,0.7048458149779736,2025-12
2025-12-11,1164,146,20,741,399,625.58,635.77,-0.01602780879877934,613.2570000000001,True,0.0025416413568206675,0.5824742268041238,0.1254295532646048,0.10824742268041238,0.65,2025-12
2025-12-12,1164,64,20,364,775,613.62,635.77,-0.03483964326721924,613.4148,True,0.020566474365242282,0.5506872852233677,0.054982817869415807,0.037800687285223365,0.31957857769973663,2025-12
2025-12-15,1164,76,43,443,696,610.54,635.77,-0.03968416251160014,613.562,False,0.014757427850754956,0.5309278350515464,0.06529209621993128,0.028350515463917526,0.38893766461808604,2025-12
2025-12-16,1164,34,31,451,691,611.75,635.77,-0.037780958522736184,613.6428,False,0.01639558643236616,0.5120274914089347,0.029209621993127148,0.002577319587628866,0.3949211908931699,2025-12
2025-12-17,1163,39,40,412,725,600.41,635.77,-0.05561759755886565,613.5608,False,0.03472627038190579,0.4935511607910576,0.03353396388650043,-0.0008598452278589854,0.3623570800351803,2025-12
2025-12-18,1163,55,43,680,452,609.11,635.77,-0.0419334035893483,613.5142000000001,False,-0.00172382656663006,0.49871023215821153,0.04729148753224419,0.010318142734307825,0.6007067137809188,2025-12
2025-12-19,1163,59,24,698,447,617.05,635.77,-0.02944461047234067,613.6412,True,-0.0012478729438456515,0.5193465176268272,0.05073086844368014,0.03009458297506449,0.6096069868995633,2025-12
2025-12-22,1163,85,16,767,369,619.21,635.77,-0.0260471554178397,614.2354,True,0.002503189547972351,0.5460017196904557,0.07308684436801376,0.05932932072226999,0.6751760563380281,2025-12
2025-12-23,1163,42,36,415,724,622.11,635.77,-0.021485757428000643,614.6374,True,0.000980533989165977,0.532244196044712,0.03611349957007739,0.005159071367153913,0.36435469710272167,2025-12
2025-12-24,1163,54,18,726,385,623.93,635.77,-0.01862308696541207,615.156,True,0.0024521981632557033,0.5520206362854686,0.046431642304385214,0.030954428202923472,0.6534653465346535,2025-12
2025-12-26,1163,42,37,481,637,623.89,635.77,-0.01868600279975462,615.5894000000001,True,0.011604609786981746,0.5520206362854686,0.03611349957007739,0.004299226139294927,0.43023255813953487,2025-12
2025-12-29,1163,19,58,359,774,620.87,635.77,-0.02343614829262151,616.007,True,0.019891442653051428,0.5485812553740327,0.01633705932932072,-0.03353396388650043,0.31685789938217124,2025-12
2025-12-30,1163,12,45,375,764,619.43,635.77,-0.02570111832895549,616.317,True,0.016143874206932196,0.532244196044712,0.010318142734307825,-0.028374892519346516,0.3292361720807726,2025-12
2025-12-31,1163,11,51,243,890,614.31,635.77,-0.03375434512480934,616.3724,False,0.01230649020852681,0.4961306964746346,0.009458297506448839,-0.034393809114359415,0.2144748455428067,2025-12
2026-01-02,1163,44,30,722,422,613.12,635.77,-0.03562609119650185,616.4072,False,0.021235647181628403,0.5210662080825451,0.037833190025795355,0.012037833190025795,0.6311188811188811,2026-01
2026-01-05,1163,95,17,807,333,617.99,635.77,-0.027966088365289292,616.6572,True,-0.002378679266654804,0.5674978503869303,0.08168529664660361,0.06706792777300086,0.7078947368421052,2026-01
2026-01-06,1163,134,18,769,364,623.42,635.77,-0.01942526385328031,616.914,True,-0.028343652754162507,0.6053310404127257,0.11521926053310404,0.0997420464316423,0.678729037952339,2026-01
2026-01-07,1163,50,28,414,725,624.02,635.77,-0.018481526338141152,617.0524,True,-0.04325181885195983,0.5898538263112639,0.04299226139294927,0.018916595012897677,0.36347673397717295,2026-01
2026-01-08,1163,87,15,708,429,620.47,635.77,-0.024065306636047556,616.9,True,-0.017438393475913472,0.6182287188306105,0.07480653482373173,0.061908856405846945,0.6226912928759895,2026-01
2026-01-09,1163,109,18,615,527,626.65,635.77,-0.014344810230114672,616.7746,True,-0.019676055214234323,0.6328460877042132,0.0937231298366294,0.07824591573516768,0.5385288966725044,2026-01
2026-01-12,1163,108,18,628,515,627.17,635.77,-0.013526904383660793,616.6026,True,-0.02503308512843394,0.6534823731728289,0.09286328460877043,0.07738607050730868,0.5494313210848644,2026-01
2026-01-13,1163,93,37,517,629,626.24,635.77,-0.014989697532126355,616.6064,True,-0.020966402657128236,0.6302665520206363,0.07996560619088564,0.04815133276010318,0.4511343804537522,2026-01
2026-01-14,1163,103,30,713,427,619.55,635.77,-0.02551237082592766,616.4159999999999,True,-0.030522153175691957,0.6603611349957008,0.0885640584694755,0.06276870163370593,0.625438596491228,2026-01
2026-01-15,1163,140,29,696,443,621.78,635.77,-0.022004813061327226,616.21,True,-0.03194055775354632,0.6698194325021496,0.12037833190025796,0.09544282029234738,0.611062335381914,2026-01
2026-01-16,1163,106,36,495,640,621.26,635.77,-0.022822718907781103,616.2502,True,-0.03212825548079712,0.6680997420464316,0.09114359415305245,0.06018916595012898,0.43612334801762115,2026-01
2026-01-20,1163,47,63,265,880,608.06,635.77,-0.043584944240841875,615.9458,False,-0.0037331842252409375,0.5984522785898538,0.040412725709372314,-0.013757523645743766,0.2314410480349345,2026-01
2026-01-21,1163,152,37,845,295,616.28,635.77,-0.03065574028343585,616.038,True,-0.020786006360745013,0.6552020636285468,0.13069647463456577,0.09888220120378331,0.7412280701754386,2026-01
2026-01-22,1163,117,13,702,440,620.76,635.77,-0.023609166837063704,616.2584,True,-0.01925059604355961,0.6680997420464316,0.10060189165950129,0.08942390369733448,0.6147110332749562,2026-01
2026-01-23,1163,60,20,364,769,622.72,635.77,-0.020526290954275845,616.2482,True,-0.03422083761562189,0.6448839208942391,0.051590713671539126,0.034393809114359415,0.3212709620476611,2026-01
2026-01-26,1163,54,32,527,603,625.46,635.77,-0.016216556301807173,616.326,True,-0.028123301250279842,0.6371453138435081,0.046431642304385214,0.018916595012897677,0.4663716814159292,2026-01
2026-01-27,1163,103,39,655,489,631.13,635.77,-0.007298236783742527,616.5269999999999,True,-0.022895441509673153,0.6388650042992261,0.0885640584694755,0.055030094582975066,0.5725524475524476,2026-01
2026-01-28,1163,90,55,412,727,633.22,635.77,-0.0040108844393412,617.0233999999999,True,-0.03786993461987942,0.6044711951848667,0.07738607050730868,0.03009458297506449,0.3617208077260755,2026-01
2026-01-29,1163,93,76,544,590,629.43,635.77,-0.009972159743303446,617.4348,True,-0.035174681855011714,0.586414445399828,0.07996560619088564,0.014617368873602751,0.47971781305114636,2026-01
2026-01-30,1163,46,68,393,746,621.87,635.77,-0.021863252434056304,617.799,True,-0.022158972132439225,0.5580395528804815,0.03955288048151333,-0.018916595012897677,0.34503950834064967,2026-01
2026-02-02,1163,101,67,668,462,626.14,635.77,-0.015146987117982912,618.3956,True,-0.039224454594818936,0.5717970765262252,0.08684436801375753,0.029234737747205503,0.5911504424778761,2026-02
2026-02-03,1163,136,119,568,573,616.52,635.77,-0.030278245277380187,618.7286,False,-0.009358982676961003,0.5511607910576096,0.11693895098882201,0.014617368873602751,0.49780893952673094,2026-02
2026-02-04,1163,138,84,596,544,605.75,635.77,-0.04721833367412741,619.1302,False,0.005216673545191952,0.5546001719690455,0.11865864144453998,0.046431642304385214,0.5228070175438596,2026-02
2026-02-05,1163,81,141,297,852,597.03,635.77,-0.060933985560816036,619.2693999999999,False,0.004555884963904688,0.49785038693035255,0.06964746345657781,-0.051590713671539126,0.2584856396866841,2026-02
2026-02-06,1163,177,29,968,183,609.65,635.77,-0.041084039825723145,619.3592,False,-0.0031001394242597957,0.5631986242476354,0.15219260533104043,0.12725709372312985,0.8410078192875761,2026-02
2026-02-09,1163,126,41,650,491,614.32,635.77,-0.03373861616622353,619.4678,False,-0.010662195598385327,0.5735167669819432,0.10834049871023216,0.07308684436801376,0.5696757230499562,2026-02
2026-02-10,1163,106,42,581,559,611.47,635.77,-0.038221369363134396,619.4118,False,-0.006181824128738911,0.5700773860705073,0.09114359415305245,0.055030094582975066,0.5096491228070176,2026-02
2026-02-11,1163,145,84,480,651,613.11,635.77,-0.03564182015508748,619.289,False,-0.02585180473324533,0.5468615649183147,0.12467755803955288,0.052450558899398106,0.4244031830238727,2026-02
2026-02-12,1163,55,109,282,865,600.64,635.77,-0.055255831511395626,618.9584,False,-0.011521044219499177,0.5038693035253654,0.04729148753224419,-0.046431642304385214,0.24585876198779424,2026-02
2026-02-13,1163,108,43,805,335,601.92,635.77,-0.053242524812432204,618.5568,False,-0.0025584795321637044,0.529664660361135,0.09286328460877043,0.05588993981083405,0.706140350877193,2026-02
2026-02-17,1163,69,62,531,604,601.3,635.77,-0.05421772024474264,618.1124000000001,False,0.003342757359055426,0.5279449699054171,0.05932932072226999,0.0060189165950128975,0.46784140969162996,2026-02
2026-02-18,1163,65,34,687,451,605.79,635.77,-0.04715541783978486,617.7693999999999,False,-0.017976526519090763,0.5434221840068788,0.05588993981083405,0.026655202063628546,0.6036906854130053,2026-02
2026-02-19,1163,83,42,589,533,603.47,635.77,-0.05080453623165603,617.3292,False,-0.01731651946244228,0.5425623387790198,0.07136715391229578,0.0352536543422184,0.5249554367201426,2026-02
2026-02-20,1163,99,55,608,529,608.81,635.77,-0.04240527234691797,617.0198,False,-0.04393817447151005,0.5399828030954428,0.08512467755803955,0.037833190025795355,0.534740545294635,2026-02
2026-02-23,1163,66,110,330,817,601.41,635.77,-0.05404470170030044,616.547,False,-0.022297600638499504,0.49097162510748066,0.05674978503869303,-0.037833190025795355,0.2877070619006103,2026-02
2026-02-24,1163,95,43,808,328,607.87,635.77,-0.04388379445396917,616.1522,False,-0.03930116636780889,0.5090283748925194,0.08168529664660361,0.04471195184866724,0.7112676056338029,2026-02
2026-02-25,1163,72,22,704,437,616.68,635.77,-0.030026581940009803,615.9742,True,-0.046798988129986174,0.5365434221840069,0.061908856405846945,0.04299226139294927,0.6170026292725679,2026-02
2026-02-26,1163,65,19,686,443,609.24,635.77,-0.04172892712773483,615.8865999999999,False,-0.058187249688136156,0.5554600171969045,0.05588993981083405,0.03955288048151333,0.6076173604960142,2026-02
2026-02-27,1163,85,37,421,721,607.29,635.77,-0.04479607405193705,615.8216,False,-0.07362215745360523,0.5012897678417885,0.07308684436801376,0.0412725709372313,0.36865148861646235,2026-02
2026-03-02,1163,96,32,670,467,608.09,635.77,-0.04353775736508478,615.7484,False,-0.08191221694157125,0.5150472914875323,0.0825451418744626,0.055030094582975066,0.5892700087950747,2026-03
2026-03-03,1163,24,41,314,824,601.58,635.77,-0.05377730940434425,615.7718,False,-0.040559859037867074,0.4643164230438521,0.02063628546861565,-0.014617368873602751,0.2759226713532513,2026-03
2026-03-04,1163,42,18,769,373,610.75,635.77,-0.03935385438130139,615.8045999999999,False,-0.04329103561195258,0.5004299226139295,0.03611349957007739,0.02063628546861565,0.6733800350262698,2026-03
2026-03-05,1163,27,31,308,820,608.91,635.77,-0.04224798276106141,615.6418,False,-0.039299732308551216,0.43594153052450557,0.023215821152192607,-0.0034393809114359416,0.2730496453900709,2026-03
2026-03-06,1163,24,54,302,836,599.75,635.77,-0.05665570882551864,615.2526,False,-0.01875781575656521,0.3714531384350817,0.02063628546861565,-0.025795356835769563,0.26537785588752194,2026-03
2026-03-09,1163,24,50,618,526,607.76,635.77,-0.04405681299841136,614.9656,False,-0.031542056074766234,0.3869303525365434,0.02063628546861565,-0.02235597592433362,0.5402097902097902,2026-03
2026-03-10,1163,25,59,488,654,607.77,635.77,-0.04404108403982573,614.6424,False,-0.0027642035638481,0.3826311263972485,0.021496130696474634,-0.029234737747205503,0.4273204903677758,2026-03
2026-03-11,1163,35,46,490,641,607.69,635.77,-0.04416691570851083,614.3184,False,0.004113939673188627,0.3757523645743766,0.03009458297506449,-0.009458297506448839,0.4332449160035367,2026-03
2026-03-12,1163,20,95,253,890,597.26,635.77,-0.06057221951334601,613.8462000000001,False,0.023122258312962662,0.3181427343078246,0.017196904557179708,-0.0644883920894239,0.22134733158355205,2026-03
2026-03-13,1163,19,65,479,647,593.72,635.77,-0.06614027085266677,613.332,False,0.03986727750454744,0.30438521066208085,0.01633705932932072,-0.03955288048151333,0.42539964476021314,2026-03
2026-03-16,1163,30,34,791,354,600.38,635.77,-0.05566478443462256,613.0534,False,0.0470035644092075,0.32674118658641443,0.025795356835769563,-0.0034393809114359416,0.6908296943231441,2026-03
2026-03-17,1163,27,37,698,423,603.31,635.77,-0.05105619956902659,612.8572,False,0.056504947705160014,0.3336199484092863,0.023215821152192607,-0.008598452278589854,0.6226583407671722,2026-03
2026-03-18,1163,20,68,225,913,594.9,635.77,-0.06428425373955991,612.3953999999999,False,0.07660110943015641,0.29062768701633707,0.017196904557179708,-0.0412725709372313,0.1977152899824253,2026-03
2026-03-19,1163,33,62,577,549,593.02,635.77,-0.06724129795366249,611.7873999999999,False,0.0941452227580859,0.29578675838349094,0.028374892519346516,-0.024935511607910577,0.5124333925399644,2026-03
2026-03-20,1163,15,87,234,917,582.06,635.77,-0.08448023656353719,610.9482,False,0.11120846648111882,0.22785898538263114,0.012897678417884782,-0.061908856405846945,0.20330147697654213,2026-03
2026-03-23,1163,18,27,889,256,588.0,635.77,-0.07513723516365979,610.2988,False,0.09579931972789124,0.2889079965606191,0.015477214101461736,-0.007738607050730868,0.7764192139737991,2026-03
2026-03-24,1163,41,64,550,591,583.98,635.77,-0.08146027651509188,609.4454000000001,False,0.12180211651083939,0.2897678417884781,0.0352536543422184,-0.019776440240756664,0.4820333041191937,2026-03
2026-03-25,1163,48,53,745,383,587.82,635.77,-0.07542035641820144,608.6583999999999,False,0.10819638664897391,0.3172828890799656,0.0412725709372313,-0.004299226139294927,0.6604609929078015,2026-03
2026-03-26,1163,28,67,364,772,573.79,635.77,-0.0974880853138714,607.6094,False,0.15700866170550198,0.2648323301805675,0.02407566638005159,-0.03353396388650043,0.3204225352112676,2026-03
2026-03-27,1163,34,123,211,934,562.58,635.77,-0.11512024788838722,606.47,False,0.18068541363006152,0.22699914015477213,0.029234737747205503,-0.0765262252794497,0.18427947598253275,2026-03
2026-03-30,1163,14,86,477,659,558.28,635.77,-0.1218837000802177,605.2,False,0.1778140001432973,0.21496130696474636,0.012037833190025795,-0.061908856405846945,0.4198943661971831,2026-03
2026-03-31,1163,22,16,964,183,577.18,635.77,-0.09215596835333538,604.3184,False,0.1462108874181367,0.2691315563198624,0.018916595012897677,0.005159071367153913,0.8404533565823888,2026-03
2026-04-01,1163,28,27,707,431,584.31,635.77,-0.08094122088176547,603.8434,False,0.1427837962725267,0.30868443680137575,0.02407566638005159,0.0008598452278589854,0.6212653778558875,2026-04
2026-04-02,1163,41,29,682,442,584.98,635.77,-0.07988738065652667,603.2174,False,0.1524325617969844,0.3353396388650043,0.0352536543422184,0.010318142734307825,0.6067615658362989,2026-04
2026-04-06,1163,29,18,701,429,588.5,635.77,-0.07435078723437719,602.5722,False,0.14338147833474935,0.38091143594153054,0.024935511607910577,0.009458297506448839,0.620353982300885,2026-04
2026-04-07,1163,27,27,507,624,588.59,635.77,-0.07420922660710627,601.8896,False,0.1580387026622947,0.38091143594153054,0.023215821152192607,0.0,0.4482758620689655,2026-04
2026-04-08,1163,81,20,883,257,606.09,635.77,-0.04668354908221519,601.5021999999999,True,0.14796482370605024,0.5012897678417885,0.06964746345657781,0.052450558899398106,0.7745614035087719,2026-04
2026-04-09,1163,100,42,633,500,610.19,635.77,-0.04023467606209782,601.0834,True,0.13889116504695265,0.5090283748925194,0.08598452278589853,0.04987102321582115,0.558693733451015,2026-04
2026-04-10,1163,65,64,427,706,611.07,635.77,-0.038850527706560445,600.6404,True,0.16390920843765855,0.49097162510748066,0.05588993981083405,0.0008598452278589854,0.3768755516328332,2026-04
2026-04-13,1163,92,15,858,279,617.39,635.77,-0.02890982588042845,600.3996,True,0.15533131408024103,0.5451418744625968,0.07910576096302666,0.06620808254514188,0.7546174142480211,2026-04
2026-04-14,1163,84,11,719,419,628.6,635.77,-0.011277663305912452,600.5341999999999,True,0.12510340439070955,0.5821152192605331,0.07222699914015478,0.06276870163370593,0.6318101933216169,2026-04
2026-04-15,1163,55,6,669,465,637.4,637.4,0.0,600.7594,True,0.12128961405710714,0.5993121238177128,0.04729148753224419,0.04213241616509028,0.58994708994709,2026-04
2026-04-16,1163,82,6,631,497,640.47,640.47,0.0,601.2384000000001,True,0.12384655018970436,0.6156491831470335,0.0705073086844368,0.06534823731728288,0.5593971631205674,2026-04
2026-04-17,1163,151,4,869,270,648.85,648.85,0.0,602.1004,True,0.09259459042922091,0.6844368013757524,0.1298366294067068,0.12639724849527084,0.7629499561018437,2026-04
2026-04-20,1163,123,3,673,467,646.79,648.85,-0.0031748478076597964,603.0956000000001,True,0.09135887209575366,0.6947549441100602,0.1057609630266552,0.10318142734307825,0.5903508771929824,2026-04
2026-04-21,1163,70,9,356,784,644.33,648.85,-0.006966170917777579,603.7891999999999,True,0.08877443126484086,0.646603611349957,0.06018916595012898,0.052450558899398106,0.312280701754386,2026-04
2026-04-22,1163,92,8,661,476,655.11,655.11,0.0,604.605,True,0.08859584560465028,0.6715391229578676,0.07910576096302666,0.07222699914015478,0.5813544415127528,2026-04
2026-04-23,1163,95,19,452,694,651.42,655.11,-0.005632641846407557,605.404,True,0.09684997354337455,0.6345657781599312,0.08168529664660361,0.06534823731728288,0.3944153577661431,2026-04
2026-04-24,1163,87,14,588,546,663.88,663.88,0.0,606.4194,True,,0.6345657781599312,0.07480653482373173,0.06276870163370593,0.5185185185185185,2026-04
2026-04-27,1163,60,16,551,589,664.23,664.23,0.0,607.6912,True,,0.6294067067927773,0.051590713671539126,0.037833190025795355,0.48333333333333334,2026-04
2026-04-28,1163,36,24,439,688,657.55,664.23,-0.01005675744847427,608.8038,True,,0.6199484092863284,0.030954428202923472,0.010318142734307825,0.3895297249334516,2026-04
2026-04-29,1163,42,31,362,781,661.57,664.23,-0.004004636948045057,610.0092,True,,0.5709372312983663,0.03611349957007739,0.009458297506448839,0.31671041119860016,2026-04
2026-04-30,1163,95,17,859,281,667.74,667.74,0.0,611.2482,True,,0.6337059329320722,0.08168529664660361,0.06706792777300086,0.7535087719298246,2026-04
2026-05-01,1163,94,15,610,522,674.15,674.15,0.0,612.6618,True,,0.6534823731728289,0.08082545141874463,0.06792777300085985,0.5388692579505301,2026-05
2026-05-04,1163,65,18,459,683,672.88,674.15,-0.001883853741748842,613.9432,True,,0.6362854686156492,0.05588993981083405,0.040412725709372314,0.4019264448336252,2026-05
2026-05-05,1163,127,26,712,429,681.61,681.61,0.0,615.5472,True,,0.647463456577816,0.10920034393809114,0.08684436801375753,0.6240140227870289,2026-05
2026-05-06,1163,131,30,719,422,695.77,695.77,0.0,617.3052,True,,0.6698194325021496,0.11263972484952708,0.08684436801375753,0.6301489921121823,2026-05
2026-05-07,1163,53,22,428,718,694.94,695.77,-0.0011929229486754636,618.8704,True,,0.6345657781599312,0.04557179707652623,0.026655202063628546,0.37347294938917974,2026-05
2026-05-08,1163,91,32,602,539,711.23,711.23,0.0,620.9102,True,,0.6285468615649183,0.07824591573516768,0.05073086844368014,0.5276073619631901,2026-05
2026-05-11,1163,106,49,497,650,713.29,713.29,0.0,623.0302,True,,0.5984522785898538,0.09114359415305245,0.049011177987962166,0.43330427201394944,2026-05
2026-05-12,1163,45,44,438,697,707.24,713.29,-0.008481823662185023,625.0132,True,,0.5829750644883921,0.03869303525365434,0.0008598452278589854,0.3859030837004405,2026-05
2026-05-13,1163,81,62,472,663,714.71,714.71,0.0,627.2757999999999,True,,0.5546001719690455,0.06964746345657781,0.01633705932932072,0.41585903083700443,2026-05
2026-05-14,1163,86,29,697,431,719.79,719.79,0.0,629.4566,True,,0.5709372312983663,0.07394668959587274,0.049011177987962166,0.6179078014184397,2026-05
2026-05-15,1163,31,55,260,884,708.93,719.79,-0.01508773392239405,631.457,True,,0.5150472914875323,0.026655202063628546,-0.02063628546861565,0.22727272727272727,2026-05
2026-05-18,852,37,16,455,396,705.8800048828125,719.79,-0.01932507414271866,633.5796000976562,True,,0.545774647887324,0.04342723004694836,0.02464788732394366,0.5346650998824912,2026-05
2026-05-19,852,25,27,275,561,701.530029296875,719.79,-0.0253684695579613,635.4550006835938,True,,0.5223004694835681,0.029342723004694836,-0.002347417840375587,0.32894736842105265,2026-05
2026-05-20,852,40,9,627,215,713.1500244140625,719.79,-0.009224878903482215,637.562601171875,True,,0.5892018779342723,0.046948356807511735,0.036384976525821594,0.7446555819477435,2026-05
2026-05-21,1163,47,24,719,433,714.510009765625,719.79,-0.00733545927892158,639.6990013671875,True,,0.585554600171969,0.040412725709372314,0.019776440240756664,0.6241319444444444,2026-05
