date,qqq_close,dist_days,upvol,fwd10,fwd20,fb_old,fb_new
2024-03-14,439.1400146484375,0.0,0.43692429526222126,1.1089845959690647,-0.19812032739994212,20,3
2024-03-15,433.9200134277344,0.0,0.3825473187561618,2.541942855358492,-0.659111306378346,20,0
2024-03-18,437.4800109863281,1.0,0.4463098661955642,0.8297463367641367,-1.458353461322348,17,3
2024-03-19,438.57000732421875,1.0,0.4526840358320522,0.8048883234934134,-2.9026177745249404,17,3
2024-03-20,443.7699890136719,1.0,0.5076407556378866,-1.8996310891860602,-4.587959045363754,17,7
2024-03-21,445.8699951171875,1.0,0.5004559541341538,-1.211113991885704,-7.002041304102025,17,7
2024-03-22,446.3800048828125,1.0,0.4534540649435487,-1.2948605932325052,-6.174111128886484,17,3
2024-03-25,444.760009765625,1.0,0.4554069951756517,-0.568845832301812,-4.427107205924896,17,3
2024-03-26,443.32000732421875,1.0,0.46335671275283885,-1.1165776696857033,-3.791842750354346,17,3
2024-03-27,444.8299865722656,1.0,0.4662689853589582,0.12139661471184393,-4.581519902081399,17,3
2024-03-28,444.010009765625,1.0,0.40208379848323006,-1.2927683218184716,-2.930116321587539,17,0
2024-04-01,444.95001220703125,1.0,0.4370542281764535,-3.121702273821847,-2.7418837784759287,17,3
2024-04-02,441.1099853515625,1.0,0.4345779028926707,-2.2692706083424885,-3.7450952284622474,17,3
2024-04-03,442.1000061035156,2.0,0.42509969861643576,-3.677903085533507,-4.655059218665791,14,3
2024-04-04,435.3399963378906,2.0,0.4107478238111243,-2.7403851647303634,-1.9387151450370066,14,0
2024-04-05,440.4700012207031,3.0,0.4911745187847452,-5.8619218681549405,-1.1328785662010787,11,7
2024-04-08,440.6000061035156,3.0,0.5675428341260358,-4.943258846478504,-0.07943851535794355,11,12
2024-04-09,442.2300109863281,3.0,0.5599849841171142,-3.8803344946754192,-0.4319027688440724,11,12
2024-04-10,438.3699951171875,3.0,0.4849367745126066,-2.705473796944524,0.38551964327633303,11,7
2024-04-11,445.3699951171875,4.0,0.48564706895352416,-4.697214257698635,-0.9767173700983234,8,7
2024-04-12,438.2699890136719,4.0,0.4151051762717013,-1.658792341687143,0.8647657014917431,8,0
2024-04-15,431.05999755859375,5.0,0.3880024390727279,0.3920573588312548,2.788472389400498,5,0
2024-04-16,431.1000061035156,6.0,0.40456121304047427,-1.5100927101499129,3.440033950893673,2,0
2024-04-17,425.8399963378906,6.0,0.3973399750585683,-1.0144672556287926,6.3544988238076305,2,0
2024-04-18,423.4100036621094,7.0,0.33103065153505534,0.824257859802513,6.747598563358048,0,0
2024-04-19,414.6499938964844,8.0,0.3233116502125483,5.023518002280225,8.949720587335875,0,0
2024-04-22,418.82000732421875,9.0,0.3610873353512308,5.116754763626119,8.617065972675109,0,0
2024-04-23,425.07000732421875,8.0,0.42010102799904436,3.5876443261658286,7.229392791599842,0,3
2024-04-24,426.510009765625,8.0,0.392425211838813,3.1769448506999254,6.846259412645206,0,0
2024-04-25,424.45001220703125,8.0,0.398179670868807,3.90387002711603,6.881844885147648,0,0
2024-04-26,431.0,8.0,0.39070151972075373,2.566124723571628,6.252903064276394,0,0
2024-04-29,432.75,8.0,0.39066577549596015,2.3870564002924644,6.222990797407557,0,0
2024-04-30,424.5899963378906,8.0,0.3304388900356558,5.0260242874182515,7.5013557498347705,0,0
2024-05-01,421.5199890136719,9.0,0.33250852355953,7.444487972264269,7.124217015085099,0,0
2024-05-02,426.8999938964844,10.0,0.32655279928907494,5.874916244652195,5.577418107053722,0,0
2024-05-03,435.4800109863281,10.0,0.39765128203606903,3.7384032259997424,4.052997485810783,0,0
2024-05-06,440.25,10.0,0.4599468064284577,3.329927010132727,3.2072674882879015,0,3
2024-05-07,440.32000732421875,10.0,0.4911590636448162,3.5156205058271883,5.271164396122474,0,7
2024-05-08,440.05999755859375,9.0,0.536549787622172,3.5563318600438265,5.297004428467744,0,12
2024-05-09,441.0199890136719,9.0,0.5974544103612265,2.866086563719361,4.9748317509313855,0,16
2024-05-10,442.05999755859375,8.0,0.6901744669565555,3.5945380120786297,5.150882038507398,0,20
2024-05-13,443.0799865722656,8.0,0.6780443106600155,3.746503251463884,5.628781077282663,0,20
2024-05-14,445.92999267578125,8.0,0.674174862300349,2.356874383478935,6.328347876170071,0,20
2024-05-15,452.8999938964844,8.0,0.7130156758486279,-0.29808039781608064,5.259440857855946,0,20
2024-05-16,451.9800109863281,7.0,0.7346099093223873,-0.2809901987653185,6.0201758470909805,0,20
2024-05-17,451.760009765625,7.0,0.706073676320092,0.3032572798770339,7.371167671579637,0,20
2024-05-20,454.9100036621094,6.0,0.7029696298655906,-0.11870667617214226,6.660655415147665,2,20
2024-05-21,455.79998779296875,5.0,0.7826399525311202,1.6959217185936515,5.631859174027465,5,20
2024-05-22,455.7099914550781,5.0,0.820447628688334,1.6808943858463765,5.369643343252273,5,20
2024-05-23,453.6600036621094,4.0,0.7398831422479691,2.0499906797813106,4.474714021315496,8,20
2024-05-24,457.95001220703125,3.0,0.7286949545602136,1.5023417800727357,4.679548445146264,11,20
2024-05-28,459.67999267578125,2.0,0.7251692934323943,1.8143048361412895,4.500957790433824,14,20
2024-05-29,456.44000244140625,2.0,0.6577206910163477,3.8800261502828226,5.514412140813052,14,20
2024-05-30,451.54998779296875,2.0,0.6156762544928203,5.574136664416107,6.103421172326495,14,16
2024-05-31,450.7099914550781,2.0,0.5948016195801165,6.318921596209326,6.924635034581206,14,16
2024-06-03,453.1300048828125,2.0,0.594960217828683,7.0465412424054685,7.470263663574839,14,16
2024-06-04,454.3699951171875,2.0,0.5945299688720678,6.787419211063139,8.070518260845262,14,16
2024-06-05,463.5299987792969,2.0,0.59102055245699,3.870300193871179,7.039459143689375,14,16
2024-06-06,463.3699951171875,1.0,0.529327084133378,3.627769975555384,7.3310748599749065,17,12
2024-06-07,462.9599914550781,0.0,0.5366214325663778,2.3760152503517817,7.519007733084293,20,12
2024-06-10,464.8299865722656,0.0,0.5525960909348141,3.130180653326864,8.203000233265833,20,12
2024-06-11,468.0199890136719,0.0,0.5510726972166038,2.6387774867356883,5.108756938458647,20,12
2024-06-12,474.1499938964844,0.0,0.5670410163630969,1.573339987579292,4.359382831131486,20,12
2024-06-13,476.7200012207031,0.0,0.6296131542048953,0.5013391770304354,4.0757661994521355,20,20
2024-06-14,479.19000244140625,0.0,0.7057428033622027,0.5697136777518486,3.5789548632291,20,20
2024-06-17,485.05999755859375,0.0,0.7113938904566262,0.39583009058636875,-0.6782683712285409,20,20
2024-06-18,485.2099914550781,0.0,0.7122325818334838,1.201545143858307,-1.1788712766506726,20,20
2024-06-20,481.4700012207031,0.0,0.6944577169085973,3.0510732556881415,-1.2939562112972314,20,20
2024-06-21,480.17999267578125,1.0,0.6800541405274625,3.57366069470868,0.4456692659168038,17,20
2024-06-24,473.9599914550781,2.0,0.6381254942585692,5.023630261595713,1.4051826698837644,14,20
2024-06-25,479.3800048828125,2.0,0.6339753822969187,4.918850667964314,-3.337644423427988,14,20
2024-06-26,480.3699951171875,2.0,0.6349138962905292,2.4064778558397837,-4.600621672493155,14,20
2024-06-27,481.6099853515625,2.0,0.6282578516736609,2.7428878915401356,-3.8703483519455406,14,20
2024-06-28,479.1099853515625,2.0,0.5968246532528636,3.5565964112432846,-3.174634618378347,14,16
2024-07-01,481.9200134277344,3.0,0.6549928718870898,2.9921942455952033,-5.061008874680173,11,20
2024-07-02,486.9800109863281,3.0,0.6581776320148414,-1.0698636196799671,-3.2670753014862552,11,20
2024-07-03,491.0400085449219,3.0,0.6559504188126362,-2.352154225634806,-6.39051896724252,11,20
2024-07-05,496.1600036621094,3.0,0.6475297959131927,-4.216384487529378,-9.555386027124458,11,20
2024-07-08,497.3399963378906,3.0,0.6436393800337233,-3.02006456835765,-12.460289073272312,11,20
2024-07-09,497.7699890136719,3.0,0.6402584472497859,-3.445365183720095,-11.700181111717312,11,20
2024-07-10,502.9599914550781,3.0,0.6316033469549183,-7.869410538551891,-13.557738905659388,11,20
2024-07-11,491.92999267578125,3.0,0.5521377579114984,-6.842437778396215,-8.915899824077101,11,12
2024-07-12,494.82000732421875,4.0,0.6403929852836846,-6.436685184931634,-8.974981408342853,8,20
2024-07-15,496.1499938964844,4.0,0.7246527466834645,-6.500050467949525,-9.023478698865528,8,20
2024-07-16,496.3399963378906,4.0,0.7978726126691182,-7.819236379284911,-6.8017911138965275,8,20
2024-07-17,481.7699890136719,4.0,0.703788160598194,-2.2209730646276293,-3.9520888518449038,8,20
2024-07-18,479.489990234375,5.0,0.6233465679507831,-4.1356414056887285,-1.0573686437463259,5,20
2024-07-19,475.239990234375,6.0,0.5479992612198885,-5.574023815064654,-0.04418640253203154,2,12
2024-07-22,482.32000732421875,7.0,0.6324136738378413,-9.734203743174008,-0.21770158703805498,0,20
2024-07-23,480.6199951171875,7.0,0.580337474464384,-8.549373050505693,-0.07490020290868982,0,16
2024-07-24,463.3800048828125,7.0,0.4943288283891494,-6.174201641776933,4.126202019015235,0,7
2024-07-25,458.2699890136719,8.0,0.4286029210550848,-2.225758163087743,3.6179582969263713,0,3
2024-07-26,462.9700012207031,9.0,0.43888779391399746,-2.7129182291459664,3.678423814587184,0,3
2024-07-29,463.8999938964844,8.0,0.44290122772308194,-2.698855179650128,2.4660492761202635,0,3
2024-07-30,457.5299987792969,7.0,0.3927175641159061,1.1037500942981282,4.203005494204604,0,0
2024-07-31,471.07000732421875,7.0,0.41145307556858296,-1.770436709665224,0.05943888911275064,0,0
2024-08-01,459.6600036621094,7.0,0.4028574488257353,3.211071149987399,2.393073121951672,0,0
2024-08-02,448.75,8.0,0.3267983542918913,5.856267137447779,6.13258808104109,0,0
2024-08-05,435.3699951171875,9.0,0.25168525828538135,10.542755451975871,6.072996012113663,0,0
2024-08-06,439.5299987792969,9.0,0.28836805790287695,9.266719245431986,4.796029083523523,0,0
2024-08-07,434.7699890136719,9.0,0.2863600462437848,10.978221172673264,6.042279870983447,0,0
2024-08-08,448.07000732421875,10.0,0.3485044040159317,5.976744334935846,0.13837014463207176,0,0
2024-08-09,450.4100036621094,10.0,0.39984780842167467,6.5695690809053575,0.8991780289158369,0,0
2024-08-12,451.3800048828125,10.0,0.39520808731831675,5.308164118013736,1.6128314724944248,0,0
2024-08-13,462.5799865722656,10.0,0.4400213061003943,3.06542081477279,1.3057219767933725,0,3
2024-08-14,462.7300109863281,10.0,0.49995082790283596,1.8628562903913792,2.2669785804502185,0,7
2024-08-15,474.4200134277344,10.0,0.5653344658454961,-0.7925487245908025,0.19391739052263546,0,12
2024-08-16,475.0299987792969,9.0,0.5624830515145823,0.26103408996513977,-0.3768201059978771,0,12
2024-08-19,481.2699890136719,9.0,0.5612005817514129,-4.0434666402033415,-1.6165559783275496,0,12
2024-08-20,480.260009765625,9.0,0.5698454022269509,-4.091538752862656,-1.836506714044972,0,12
2024-08-21,482.5,9.0,0.5582357720752974,-4.447666622814117,0.17823530602332216,0,12
2024-08-22,474.8500061035156,8.0,0.572311040508197,-5.509108839814692,1.5983987028181712,0,16
2024-08-23,480.0,8.0,0.6542989287897361,-5.320835113525391,0.6333351135253906,0,20
2024-08-26,475.3399963378906,7.0,0.7386490827540092,-3.5090656802051368,2.110068341938387,0,20
2024-08-27,476.760009765625,7.0,0.7200693138838968,-1.707361037356958,1.9003266576505862,0,20
2024-08-28,471.3500061035156,7.0,0.7486797748811884,0.3967317477400867,3.84427599078212,0,20
2024-08-29,470.6600036621094,6.0,0.7063326735492123,0.994346797978829,3.418602858262365,2,20
2024-08-30,476.2699890136719,5.0,0.710581019403793,-0.6361935140133057,2.4775901448218507,5,20
2024-09-03,461.80999755859375,5.0,0.631654142275375,2.5291770939409597,4.213852354421821,5,20
2024-09-04,460.6099853515625,6.0,0.5610721471752166,2.3512336758348074,4.632992669314562,2,12
2024-09-05,461.0400085449219,6.0,0.5246669122074703,4.8412234064206805,4.457311168682754,2,12
2024-09-06,448.69000244140625,6.0,0.4346220529580782,7.5218970372328275,8.609508719298265,2,3
2024-09-09,454.4599914550781,6.0,0.4302283890905373,6.288786169787364,6.0819467429773955,2,3
2024-09-10,458.6600036621094,5.0,0.4317410047541402,5.823483896964143,6.680326142724136,5,3
2024-09-11,468.6199951171875,4.0,0.5119742760214244,3.6703538872109087,5.234518167147928,8,7
2024-09-12,473.2200012207031,4.0,0.5212091146679363,3.433920789079492,4.093232548755599,8,12
2024-09-13,475.3399963378906,3.0,0.584992625728652,2.4003878802571155,3.7909683915726244,11,16
2024-09-16,473.239990234375,3.0,0.5578756882999443,3.1337201833892214,5.126365114159115,11,12
2024-09-17,473.489990234375,3.0,0.6133294403926681,1.6431178989540607,3.6663955367984613,11,16
2024-09-18,471.44000244140625,3.0,0.5491345441323894,2.2293419546915105,4.129900118758578,11,12
2024-09-19,483.3599853515625,4.0,0.6233976489485024,-0.36618443133734635,1.632326813875351,8,20
2024-09-20,482.44000244140625,4.0,0.5810659712230216,1.0115257561804647,2.493574064840942,8,16
2024-09-23,483.0400085449219,5.0,0.5727024046860224,-0.19460136319512378,2.5629357121173424,5,16
2024-09-24,485.3699951171875,5.0,0.6415450526829138,0.8096900746475733,2.1818399250933984,5,20
2024-09-25,485.82000732421875,5.0,0.6689273873742905,1.5087864768347892,0.5228228539481794,5,20
2024-09-26,489.4700012207031,5.0,0.7029532424354008,0.6374231534938657,0.5822636926487768,5,20
2024-09-27,486.75,5.0,0.7331081998792893,1.3579836366846454,1.760658926393166,5,20
2024-09-30,488.07000732421875,4.0,0.7373539045604878,1.932098374059077,1.501830979627572,8,20
2024-10-01,481.2699890136719,4.0,0.6604657104030092,1.990570222231658,3.9250348202993557,8,20
2024-10-02,481.95001220703125,5.0,0.6412838588904621,1.859112195899093,2.994084927957741,5,20
2024-10-03,481.5899963378906,5.0,0.580251456241055,2.005856378987536,0.4692808785088154,5,16
2024-10-04,487.32000732421875,5.0,0.582011879303491,1.467207130637549,0.022569430745611463,5,16
2024-10-07,482.1000061035156,5.0,0.5455637555895846,2.7629137431204986,0.8110358043160515,5,12
2024-10-08,489.29998779296875,5.0,0.5405409537838004,1.361128924639865,0.5947279245264614,5,12
2024-10-09,493.1499938964844,4.0,0.6088256766788334,-0.9713086493370882,2.5205298245203567,8,16
2024-10-10,492.5899963378906,4.0,0.5281397593038855,-0.054810088649603905,4.253026217585343,8,12
2024-10-11,493.3599853515625,4.0,0.6089974913972894,0.3972802884002702,4.211940553319793,8,16
2024-10-14,497.5,3.0,0.6066058850843117,-0.4221117796011309,3.2844275086369334,11,16
2024-10-15,490.8500061035156,3.0,0.5321055044411136,1.8967092681731357,4.494237907040666,11,12
2024-10-16,490.9100036621094,4.0,0.562321071984506,1.1142574361691082,4.347028208571357,8,12
2024-10-17,491.25,4.0,0.5547129908637407,-1.5063600807092903,3.5501277234414763,8,12
2024-10-18,494.4700012207031,4.0,0.6141360545532032,-1.4237483623965375,0.4246983837910001,8,16
2024-10-21,495.4200134277344,4.0,0.5694653248891323,-1.8993991778820218,0.928500153659706,8,12
2024-10-22,495.9599914550781,4.0,0.6274992492151433,-0.7561093766854099,1.5122187533708198,8,20
2024-10-23,488.3599853515625,4.0,0.5505050900479185,3.5260876683634867,3.0326047424852787,8,12
2024-10-24,492.32000732421875,4.0,0.6117907646193317,4.3101987299798195,2.571498918135995,8,16
2024-10-25,495.32000732421875,4.0,0.570373732236531,3.7995653407757235,2.1137852430519466,8,16
2024-10-28,495.3999938964844,3.0,0.6348328787590812,3.7222513496512954,2.2587813038496884,11,20
2024-10-29,500.1600036621094,3.0,0.6367361436049576,2.5491781408085723,1.8294133536246981,11,20
2024-10-30,496.3800048828125,3.0,0.5695114086418824,3.197146331656553,1.7970068943977902,11,12
2024-10-31,483.8500061035156,3.0,0.5523358324165566,5.13382164401095,5.350828522118567,11,12
2024-11-01,487.42999267578125,4.0,0.5592522008449866,1.8751440793092655,5.715689590339568,8,12
2024-11-04,486.010009765625,4.0,0.5009839596859168,2.882652407674291,6.349660445562533,8,7
2024-11-05,492.2099914550781,4.0,0.5747434981675614,2.285609840373737,6.308286879499625,8,16
2024-11-06,505.5799865722656,3.0,0.5971149139604871,-0.47667494927368104,3.2101767113774438,11,16
2024-11-07,513.5399780273438,3.0,0.6038092650562581,-1.6668550467866083,2.519765353247183,11,16
2024-11-08,514.1400146484375,3.0,0.6061524648656117,-1.6240724054954692,1.6026743687727496,11,16
2024-11-11,513.8400268554688,3.0,0.6153938760722898,-1.4109509066364323,1.3155745712994271,11,16
2024-11-12,512.9099731445312,3.0,0.5872338965193119,-0.7018727992101348,3.3163733708160503,11,16
2024-11-13,512.25,3.0,0.6389898876747118,-1.3567617778489471,2.7818448023426035,11,20
2024-11-14,508.69000244140625,3.0,0.5818396320058408,0.2064101491929149,4.29338629630025,11,16
2024-11-15,496.57000732421875,3.0,0.527515292466945,3.7698552927105,8.377464400256507,11,12
2024-11-18,500.0199890136719,4.0,0.5329360617817746,3.369866500088037,7.15571368454202,8,12
2024-11-19,503.4599914550781,4.0,0.534138419038282,3.932788830612277,2.5841138260948915,8,12
2024-11-20,503.1700134277344,3.0,0.5726680316835985,3.704510132445815,2.186133749800989,11,16
2024-11-21,504.9800109863281,3.0,0.6525541985856318,4.257588224220621,2.7090106262787295,11,20
2024-11-22,505.7900085449219,3.0,0.6473117214250818,3.2800166190742663,3.3768928376821883,11,20
2024-11-25,506.5899963378906,3.0,0.7029468377094107,2.7655459739284627,4.613203143312372,11,20
2024-11-26,509.30999755859375,3.0,0.705083759414062,4.046648495092886,3.983816953251429,11,20
2024-11-27,505.29998779296875,3.0,0.6379467968952445,4.195529926614072,3.4157946136141204,11,20
2024-11-29,509.739990234375,2.0,0.6262844428759595,4.078557590300269,1.1515665299260736,14,20
2024-12-02,515.2899780273438,2.0,0.6218894925760307,4.440219266519163,-0.7878994768262704,14,20
2024-12-03,516.8699951171875,2.0,0.6391426237332696,3.6624282420358645,-1.2846526580352013,14,20
2024-12-04,523.260009765625,2.0,0.7050515253324828,-1.297641504372049,-0.8943914284367915,14,20
2024-12-05,521.8099975585938,2.0,0.6758794028988873,-1.4641372691560184,0.523175194327985,14,20
2024-12-06,526.47998046875,2.0,0.7389400843181322,-1.4853380212588974,-2.1463281059439066,14,20
2024-12-09,522.3800048828125,1.0,0.7958662684066816,0.09379957689708007,-1.3610753254534536,17,20
2024-12-10,520.5999755859375,1.0,0.729279649334755,1.7979344651685825,-2.5758689537851542,17,20
2024-12-11,529.9199829101562,1.0,0.7254258373018402,-0.06038785751414366,-4.596917673831625,17,20
2024-12-12,526.5,1.0,0.6893615276300696,-0.7483385453763036,-4.068378618752966,17,20
2024-12-13,530.530029296875,1.0,0.6426177000876729,-2.8122901855501814,-2.606830212452449,17,20
2024-12-16,538.1699829101562,1.0,0.6480754277350423,-5.005848111065225,-4.662089417294957,17,20
2024-12-17,535.7999877929688,1.0,0.5611532226571969,-4.772298878162862,-2.6241130793057232,17,12
2024-12-18,516.469970703125,2.0,0.43782859898370274,0.4085516112090959,1.6128753968992937,14,3
2024-12-19,514.1699829101562,3.0,0.40784089785147903,2.0168417958773555,3.3724307975595336,11,0
2024-12-20,518.6599731445312,3.0,0.4765758865133577,-0.6709560500016143,2.6954155376880173,11,7
2024-12-23,522.8699951171875,3.0,0.4893851277616944,-1.4535115146995903,1.2928662628862275,11,7
2024-12-24,529.9600219726562,2.0,0.4915182017797759,-4.296554190350765,-2.971922286019646,14,7
2024-12-26,529.5999755859375,2.0,0.472603341486258,-4.539270984811972,-1.4709173690435118,14,7
2024-12-27,522.5599975585938,2.0,0.45361816719547615,-3.345072540568539,-0.33105872566451255,14,3
2024-12-30,515.6099853515625,3.0,0.3998301081066545,0.21140530370558075,1.4429515821601901,11,0
2024-12-31,511.2300109863281,4.0,0.3907777699330201,0.36187353319621085,2.1634033220540694,8,0
2025-01-02,510.2300109863281,5.0,0.3837127849682501,2.2558412873042943,1.5443964869885862,5,0
2025-01-03,518.5800170898438,6.0,0.3864192500764891,1.199423521567633,1.135784916344118,2,0
2025-01-06,524.5399780273438,6.0,0.43769367275435156,1.3287894212551166,0.44038541490794003,2,3
2025-01-07,515.1799926757812,6.0,0.408075245170598,3.3891110332082253,2.799018423689281,2,0
2025-01-08,515.27001953125,7.0,0.4090560506004871,2.786885478923473,1.4846513650969895,0,0
2025-01-10,507.19000244140625,7.0,0.4009738815080921,1.3841005338154355,4.34945433711349,0,0
2025-01-13,505.55999755859375,8.0,0.4591157789987236,3.2142574725993134,4.436662865752483,0,3
2025-01-14,505.0799865722656,8.0,0.5121105188188527,3.1183240152645952,4.5972918820811115,0,7
2025-01-15,516.7000122070312,8.0,0.4753937488922505,1.2289482167446186,3.715891572175578,0,7
2025-01-16,513.0800170898438,8.0,0.41094624489754394,1.7950340357705485,4.886178858887202,0,0
2025-01-17,521.739990234375,8.0,0.437814719760702,-0.6957497893120723,3.3790787006556133,0,3
2025-01-21,524.7999877929688,8.0,0.4549837105662948,-0.06288435547256999,2.80488416171385,0,3
2025-01-22,531.510009765625,8.0,0.5245781207806831,-0.8767537946731019,1.0761736558164259,0,12
2025-01-23,532.6400146484375,8.0,0.586795103160205,-0.5707492826100502,-1.23160058917533,0,16
2025-01-24,529.6300048828125,8.0,0.6019377909964467,-1.266926327963791,-1.842797740997426,0,16
2025-01-27,514.2100219726562,8.0,0.5808681328353892,2.9248706529767965,-0.17308387826109328,0,16
2025-01-28,521.8099975585938,8.0,0.5843566206054579,1.1843377291917978,-1.3893946137331192,0,16
2025-01-29,520.8300170898438,7.0,0.5272582295925864,1.4342435070973325,-3.9475505254193632,0,12
2025-01-30,523.0499877929688,7.0,0.594363462034527,2.4567511559105526,-2.8448474739519725,0,16
2025-01-31,522.2899780273438,7.0,0.5195448857222312,3.036636170316953,-4.832562617744429,0,7
2025-02-03,518.1099853515625,8.0,0.5225305253811388,4.103377731892022,-4.354287351417419,0,12
2025-02-04,524.469970703125,9.0,0.5404561171472738,2.869573029690975,-4.282411232694461,0,12
2025-02-05,526.8499755859375,9.0,0.5569077433335013,1.970201264841731,-7.336047294283654,0,12
2025-02-06,529.5999755859375,8.0,0.5429760417810475,-0.664644761775024,-7.139344558916106,0,12
2025-02-07,522.9199829101562,7.0,0.5388869680444612,-0.5832608989227994,-9.59802141132774,0,12
2025-02-10,529.25,7.0,0.5127489093229062,-3.0099183137990093,-10.892771638447684,0,7
2025-02-11,527.989990234375,6.0,0.48762828890758814,-2.5436074403266007,-9.672527462873049,2,7
2025-02-12,528.2999877929688,6.0,0.44047206962619806,-5.305697411880561,-11.349610607709382,2,3
2025-02-13,535.9000244140625,6.0,0.44324153983753806,-5.174474663748585,-10.494498635905892,2,3
2025-02-14,538.1500244140625,5.0,0.46379022729980035,-7.637282310977023,-10.290817223447757,5,3
2025-02-18,539.3699951171875,5.0,0.5504194497053856,-8.12429458829984,-12.019576016307731,5,12
2025-02-19,539.52001953125,4.0,0.5379024489824592,-6.952477833577841,-10.867067534167107,8,12
2025-02-20,537.22998046875,4.0,0.5383037460418287,-9.126439335894576,-10.790531580635987,8,12
2025-02-21,526.0800170898438,4.0,0.4432556428287288,-6.5180214855159235,-8.59945622002728,8,3
2025-02-24,519.8699951171875,5.0,0.44998538397328136,-9.067648560912467,-5.618710779508196,5,3
2025-02-25,513.3200073242188,6.0,0.4496428559401089,-8.12748395258872,-3.868934696830706,2,3
2025-02-26,514.5599975585938,7.0,0.45942773541173415,-7.314984512874667,-5.865203828314424,0,3
2025-02-27,500.2699890136719,7.0,0.3812769406543628,-6.382552097265348,-3.727985748906215,0,0
2025-02-28,508.1700134277344,8.0,0.4237084903263473,-5.610329026169381,-7.719859485944847,0,3
2025-03-03,497.04998779296875,8.0,0.41038313451561537,-2.8729502323707523,-5.659385384986882,0,0
2025-03-04,495.54998779296875,9.0,0.3360978455504152,-4.239729546078497,-4.611033427264211,0,0
2025-03-05,502.010009765625,9.0,0.38154335637119513,-4.207086453723874,-5.151294867848144,0,0
2025-03-06,488.20001220703125,9.0,0.34742348715723465,-1.8312171687564494,-7.689473086084697,0,0
2025-03-07,491.7900085449219,10.0,0.37522135412647306,-2.2265625605996875,-14.054778241976795,0,0
2025-03-10,472.7300109863281,10.0,0.33542779131251643,3.792861095992439,-10.373787871559559,0,0
2025-03-11,471.6000061035156,10.0,0.28861727520428987,4.635280972995637,-11.77693126083864,0,0
2025-03-12,476.9200134277344,10.0,0.3137924788553148,1.564201804294485,-2.289694942606768,0,0
2025-03-13,468.3399963378906,10.0,0.3043847579266411,2.8355465864836837,-4.731606062985428,0,0
2025-03-14,479.6600036621094,11.0,0.36302298412145545,-2.2349166365463136,-5.266232242165247,0,0
2025-03-17,482.7699890136719,11.0,0.4105818421060516,-2.8688559564843397,-5.2385149455981495,0,0
2025-03-18,474.5400085449219,10.0,0.4110339852301731,-0.38774314172846935,-3.4875917757269947,0,0
2025-03-19,480.8900146484375,11.0,0.4199486162050493,-0.9856766843907905,-7.633766735517211,0,0
2025-03-20,479.260009765625,11.0,0.4258869993928722,-5.967534432405919,-7.3363107594359604,0,3
2025-03-21,480.8399963378906,12.0,0.3784671949820153,-12.097575774308023,-9.926381197455092,0,0
2025-03-24,490.6600036621094,13.0,0.4336334325569536,-13.648962768691797,-9.411811097523836,0,3
2025-03-25,493.4599914550781,13.0,0.49832487908525447,-15.68516095261402,-7.883109992722803,0,7
2025-03-26,484.3800048828125,13.0,0.4390737805389537,-3.794542445503968,-3.515834387799921,0,3
2025-03-27,481.6199951171875,13.0,0.45547649818560415,-7.358498982747386,-1.8811506271431466,0,3
2025-03-28,468.94000244140625,13.0,0.3777130469078578,-3.100611692161759,0.7399669899427419,0,0
2025-03-31,468.9200134277344,13.0,0.443207564366362,-2.4396490049084396,1.4096189461491493,0,3
2025-04-01,472.70001220703125,12.0,0.5222595981737358,-3.111914870485266,0.5859930065875929,0,12
2025-04-02,476.1499938964844,11.0,0.5251168059152068,-6.714271055446752,1.1613984774090147,0,12
2025-04-03,450.6600036621094,11.0,0.5008332522938841,-1.4556422813843062,8.469795988102579,0,7
2025-04-04,422.6700134277344,11.0,0.38261321397536635,2.470005345106663,14.966753552026635,0,0
2025-04-07,423.69000244140625,12.0,0.3578020674376273,4.906891459587137,13.623168091790273,0,0
2025-04-08,416.05999755859375,11.0,0.33322054969382764,9.253473111069276,16.16112835382728,0,0
2025-04-09,466.0,11.0,0.40350444833841087,0.289700880582755,4.783263636249324,0,0
2025-04-10,446.17999267578125,11.0,0.3789183544244252,5.9124132224327886,9.366177155166344,0,0
2025-04-11,454.3999938964844,11.0,0.41385603588690884,3.963470512221834,11.762766928911429,0,0
2025-04-14,457.4800109863281,11.0,0.4176911565908534,3.9455249102694046,12.702197795233783,0,0
2025-04-15,457.989990234375,10.0,0.40356408696710055,3.8166797002228803,13.251381850146625,0,0
2025-04-16,444.17999267578125,9.0,0.39721434582988363,8.442523440575634,16.900807907170723,0,0
2025-04-17,444.1000061035156,10.0,0.4175293288776748,10.072051306913021,17.43075942315251,0,0
2025-04-21,433.1099853515625,9.0,0.4181637619789304,12.195518254178307,20.525969712266257,0,0
2025-04-22,444.4800109863281,9.0,0.43218255521936766,8.308583459992125,17.05138739011891,0,3
2025-04-23,454.55999755859375,9.0,0.44177088989784036,6.322595562463751,12.865184086334347,0,3
2025-04-24,467.3500061035156,8.0,0.4388129162231396,4.480582468799232,9.98181090986263,0,3
2025-04-25,472.55999755859375,8.0,0.4880976692769976,3.260962362815878,7.7619758052485555,0,7
2025-04-28,472.4100036621094,7.0,0.5532776286366219,7.501958503561812,10.332119697432752,0,12
2025-04-29,475.5299987792969,6.0,0.5990132527918962,8.424290408387991,9.122447474731853,2,16
2025-04-30,475.4700012207031,6.0,0.6772040420136306,9.087848096439831,9.350745860082288,2,20
2025-05-01,481.67999267578125,6.0,0.6295961020282095,7.7997857281788985,7.770717747244138,2,20
2025-05-02,488.8299865722656,6.0,0.7505076843445085,6.685355663738135,7.033127333588429,2,20
2025-05-05,485.92999267578125,6.0,0.6967391495450899,7.424941377083671,8.513571037132927,2,20
2025-05-06,481.4100036621094,5.0,0.6402730207918936,8.072124711478912,9.837771444064458,5,20
2025-05-07,483.29998779296875,5.0,0.6760607230359547,6.153525964315709,8.584728177594748,5,20
2025-05-08,488.2900085449219,5.0,0.7544560360778717,5.265311803469519,8.525665820869332,5,20
2025-05-09,487.9700012207031,5.0,0.7312961632427931,4.35887225863536,8.75668809136525,5,20
2025-05-12,507.8500061035156,4.0,0.8075332852240639,2.632660123840602,5.190512070953424,8,20
2025-05-13,515.5900268554688,3.0,0.8066419428860526,0.6439120456442016,3.262271458516297,11,20
2025-05-14,518.6799926757812,3.0,0.8023361262693556,0.24099637881760394,2.8880968381816308,11,20
2025-05-15,519.25,2.0,0.8038297134055796,-0.026964785447758377,1.4848381266550303,14,20
2025-05-16,521.510009765625,2.0,0.8070041375417263,0.32597882594722627,2.450570079654324,14,20
2025-05-19,522.010009765625,1.0,0.8333756722978236,1.0133863198751536,1.3543815620304045,17,20
2025-05-20,520.27001953125,1.0,0.7709623719195898,1.633767021143795,1.6760471247183384,17,20
2025-05-21,513.0399780273438,1.0,0.7005360321641618,2.2902698626292572,2.6879073080275706,17,20
2025-05-22,514.0,2.0,0.7041975132932972,3.097272939719109,3.433856889895437,14,20
2025-05-23,509.239990234375,1.0,0.6297062114587301,4.2141274024413145,5.99718004244798,17,20
2025-05-27,521.219970703125,1.0,0.680012782246513,2.492239745151692,3.825640528413987,17,20
2025-05-28,518.9099731445312,1.0,0.66682067534926,2.6016073497665992,5.262954842262624,17,20
2025-05-29,519.9299926757812,1.0,0.6733184940281336,2.6407363803133688,5.4161203578127814,17,20
2025-05-30,519.1099853515625,1.0,0.5969251274503738,1.5122106764672294,6.266500397761443,17,16
2025-06-02,523.2100219726562,1.0,0.6404065295942747,2.1176880391000186,4.54501390704658,17,20
2025-06-03,527.2999877929688,1.0,0.6372468206378775,0.33757431027552354,4.456666137687582,17,20
2025-06-04,528.77001953125,1.0,0.6017450607792548,0.04160044915557659,5.191283574702132,17,16
2025-06-05,524.7899780273438,1.0,0.5288578702853316,0.38873437906881136,5.190657674509169,17,12
2025-06-06,529.9199829101562,2.0,0.5257463473132309,0.3264722146172794,4.230835723949977,14,12
2025-06-09,530.7000122070312,2.0,0.5159902348895086,1.710950985676929,4.814393669733219,14,7
2025-06-10,534.2100219726562,2.0,0.5123238937707059,1.3009773096751776,3.9759625167537838,14,7
2025-06-11,532.4099731445312,2.0,0.5055967782138123,2.5938653021521763,4.092718048424837,14,7
2025-06-12,533.6599731445312,2.0,0.5803051577704292,2.7039790198073232,4.225546220986254,14,16
2025-06-13,526.9600219726562,2.0,0.503783933090696,4.683465850671653,5.647477510544996,14,7
2025-06-16,534.2899780273438,3.0,0.5746511202243911,2.3769886633324244,4.30477848095121,11,16
2025-06-17,529.0800170898438,3.0,0.5059960949141199,4.105233613356574,6.184314214530007,11,7
2025-06-18,528.989990234375,4.0,0.5044388269505626,5.147541725068461,6.100308158374124,8,7
2025-06-20,526.8300170898438,4.0,0.4261364161941372,4.78332885172974,7.087668623472654,8,3
2025-06-23,531.6500244140625,5.0,0.5078107804778288,3.8916583262097904,5.5675678033796805,5,7
2025-06-24,539.780029296875,5.0,0.509662910703173,3.0512375058741936,4.451807580399092,5,7
2025-06-25,541.1599731445312,5.0,0.5094567938585972,2.6406311944071836,4.407206335403524,5,7
2025-06-26,546.219970703125,5.0,0.5472135138052896,1.4609574771925482,3.6889944518367246,5,12
2025-06-27,548.0900268554688,5.0,0.6292617143997326,1.4815075479066797,3.658155925222828,5,20
2025-06-30,551.6400146484375,4.0,0.6350873585797703,0.9208824450352759,2.8315558520790374,8,20
2025-07-01,546.989990234375,4.0,0.5757762794371989,1.8830303985188923,3.8446826582446247,8,16
2025-07-02,550.7999877929688,4.0,0.5749049723591237,1.9970951786103974,2.579886078786986,8,16
2025-07-03,556.219970703125,4.0,0.6328879704956336,0.9061233555006654,-0.4206916015919049,8,20
2025-07-07,552.030029296875,4.0,0.5723829164008298,2.1991473233338388,2.186469949560288,8,16
2025-07-08,552.3400268554688,5.0,0.6083567370583932,1.613131895447939,1.4357049569044378,5,16
2025-07-09,556.25,5.0,0.606512982121408,1.3591006846910059,1.9901123595505776,5,16
2025-07-10,555.4500122070312,5.0,0.6502242775917901,1.7211265367711448,2.482669455380049,5,20
2025-07-11,554.2000122070312,5.0,0.6566708338257168,2.1959550057912836,3.671957297858497,5,20
2025-07-14,556.2100219726562,5.0,0.7356982331653742,2.1448719376667036,2.9916717372924007,5,20
2025-07-15,556.719970703125,4.0,0.6875804430171357,1.8932389023494478,4.190621950818407,8,20
2025-07-16,557.2899780273438,5.0,0.6927945283597154,1.9253964591087191,4.13609124180685,5,20
2025-07-17,561.7999877929688,5.0,0.6932296904044765,0.5713798997472042,3.2200093627801296,5,20
2025-07-18,561.260009765625,5.0,0.6230327022774456,-1.3149003380281465,2.864980571320208,5,20
2025-07-21,564.1699829101562,5.0,0.6136421740547314,-0.012404578810665257,2.2936379959627162,5,16
2025-07-22,561.25,5.0,0.5783371972937766,-0.1746102449888709,1.4307349665924285,5,16
2025-07-23,563.8099975585938,4.0,0.653590966639908,0.6225505855882885,0.37069268910738806,8,20
2025-07-24,565.010009765625,4.0,0.6558704767049811,0.7486575744259261,-0.30619099409276984,8,20
2025-07-25,566.3699951171875,3.0,0.658004085210067,1.4442864122983678,0.9887538060087131,11,20
2025-07-28,568.1400146484375,3.0,0.6920584422114823,0.82901841625731,0.38370565271863555,11,20
2025-07-29,567.260009765625,2.0,0.6645649334058578,2.2546962617123967,0.9431283965505521,14,20
2025-07-30,568.02001953125,2.0,0.6174594268295164,2.168934200403161,0.9629907891739453,14,16
2025-07-31,565.01,2.0,0.5553102227902145,2.633581706518462,2.1362453761880396,14,12
2025-08-01,553.88,3.0,0.5222583837979763,4.235574492669891,2.982595508052288,11,12
2025-08-04,564.1,4.0,0.5308126255655193,2.306328665130297,0.26945577025350165,8,12
2025-08-05,560.27,4.0,0.5072403167948998,1.6081532118442876,1.7491566566119943,8,7
2025-08-06,567.32,4.0,0.4975236485558018,-0.2502996545159841,1.394274836071352,8,7
2025-08-07,569.24,4.0,0.45870482585736805,-1.0470100484857081,1.1980886796430168,8,3
2025-08-08,574.55,4.0,0.5190398314880247,-0.44904708032371676,0.7518927856583479,8,7
2025-08-11,572.85,4.0,0.4638912615559621,-0.44165139216199023,1.3371737802216899,8,3
2025-08-12,580.05,3.0,0.48950892490426295,-1.2826480475820912,0.11205930523232599,11,7
2025-08-13,580.34,3.0,0.48677042664168607,-1.1803425578109428,0.644449805286551,11,7
2025-08-14,579.89,3.0,0.4581903554759902,-0.4845746607115009,1.1674627946679506,11,3
2025-08-15,577.34,3.0,0.4011176411487176,-1.2020646412859048,2.483805036893316,11,0
2025-08-18,577.11,3.0,0.3861821709947328,-1.9909549306024843,2.4380100847325448,11,0
2025-08-19,569.28,3.0,0.3823958625071885,0.1387717818999601,3.639685216413713,11,0
2025-08-20,565.9,2.0,0.34983526191930275,1.6487011839547705,5.198798374271085,14,0
2025-08-21,563.28,3.0,0.3631171620779483,2.2688538559863636,6.403564834540565,11,0
2025-08-22,571.97,3.0,0.4595479038528679,1.2063569767645221,5.285242232984255,11,3
2025-08-25,570.32,3.0,0.3961435366229892,1.7867162294851857,4.888483658297105,11,0
2025-08-26,572.61,3.0,0.4567068147136946,1.41282897609194,4.102268559752709,11,3
2025-08-27,573.49,3.0,0.4495917420671685,1.8465884322307335,3.494393973739718,11,3
2025-08-28,577.08,3.0,0.49277004199392543,1.6600817910861432,3.2733763083107936,11,7
2025-08-29,570.4,3.0,0.42186689544425,3.7307152875175165,4.96669004207575,11,3
2025-09-02,565.62,4.0,0.40775096979180087,4.518934974010813,6.1437007177963965,8,0
2025-09-03,570.07,5.0,0.4140693106640215,3.496061887136648,5.820337853246094,5,0
2025-09-04,575.23,5.0,0.41800591482692767,3.4925160370634423,5.302226935312837,5,0
2025-09-05,576.06,5.0,0.41151589600618305,4.04298163385759,4.707842933027817,5,0
2025-09-08,578.87,5.0,0.4763472352270003,4.030265862801663,4.982120337899709,5,7
2025-09-09,580.51,4.0,0.5284563799010817,3.0473204595958814,4.134295705500346,8,12
2025-09-10,580.7,4.0,0.5987074120377005,2.6519717582228264,5.29361115894611,8,16
2025-09-11,584.08,4.0,0.6825072858297168,1.617929050814948,4.557594850020541,8,20
2025-09-12,586.66,4.0,0.7027554664233642,1.586949851702868,0.4840964101864742,8,20
2025-09-15,591.68,4.0,0.6980321724737344,1.191522444564641,1.745876149269887,8,20
2025-09-16,591.18,4.0,0.6929016664642683,1.5545180824791283,1.153624953482879,8,20
2025-09-17,590.0,4.0,0.6134784450267396,2.2457627118644075,2.0711864406779634,8,16
2025-09-18,595.32,4.0,0.6270124745705873,1.7486393872203188,0.784452059396612,8,20
2025-09-19,599.35,4.0,0.6362083474008677,0.6390256110786474,0.7641611746058041,8,20
2025-09-22,602.2,4.0,0.7028931726305425,0.9149784124875548,1.5509797409498427,8,20
2025-09-23,598.2,4.0,0.7034439002554798,1.0548311601471072,2.2032764961551266,8,20
2025-09-24,596.1,5.0,0.6411676015208232,2.5733937258849204,1.5752390538500194,5,20
2025-09-25,593.53,5.0,0.5685788852018244,2.892861354944154,2.8726433373207794,5,12
2025-09-26,595.97,5.0,0.605709870772202,-1.0856251153581575,3.5454804772052206,5,16
2025-09-29,598.73,5.0,0.6081926639686062,0.5478262321914729,4.903712858884646,5,16
2025-09-30,600.37,5.0,0.6126798047272367,-0.394756566783816,5.421656645068862,5,16
2025-10-01,603.25,5.0,0.6111290606787864,-0.17074181516784082,5.390799834231252,5,16
2025-10-02,605.73,5.0,0.6083455312069933,-0.9476169250326016,3.354629950638066,5,16
2025-10-03,603.18,5.0,0.5843889744360199,0.12434099273848087,4.292251069332553,5,16
2025-10-06,607.71,5.0,0.5819156561999886,0.6302348159483939,4.010136413749987,5,16
2025-10-07,604.51,4.0,0.5724402679206885,1.136457626838272,2.438338489024172,8,16
2025-10-08,611.44,3.0,0.6486136170792763,-0.9731126520999722,1.93641240350646,11,20
2025-10-09,610.7,3.0,0.5813831576004349,-0.019649582446368274,0.1588341247748426,11,16
2025-10-10,589.5,3.0,0.47256358936522497,4.681933842239183,3.433418150975398,11,7
2025-10-13,602.01,3.0,0.4775464596261128,4.33215395093105,3.524858391056629,11,7
2025-10-14,598.0,3.0,0.4747735951803793,5.839464882943135,3.941471571906363,11,7
2025-10-15,602.22,3.0,0.5397137707455784,5.571053767726064,3.1317458736010106,11,12
2025-10-16,599.99,3.0,0.5341894986105445,4.343405723428706,1.401690028167124,11,12
2025-10-17,603.93,4.0,0.5441876146976709,4.162734091699383,0.8163197721590354,8,12
2025-10-20,611.54,4.0,0.5407763806079763,3.3587336887202834,-1.2885502174837304,8,12
2025-10-21,611.38,4.0,0.4844181118161116,1.2872517910301307,-2.4649154372076376,8,7
2025-10-22,605.49,4.0,0.42148634723577794,2.9381162364366054,-0.9281738757039748,8,3
2025-10-23,610.58,5.0,0.42365253381746676,0.17851878541712551,-4.079727472239525,5,3
2025-10-24,617.1,5.0,0.48114870349708044,-1.192675417274347,-4.380165289256199,5,7
2025-10-27,628.09,5.0,0.48628717381341285,-0.773774459074339,-3.6507506885955943,5,7
2025-10-28,632.92,5.0,0.5465649775614518,-1.7932756114516724,-3.7966883650382366,5,12
2025-10-29,635.77,4.0,0.5554105155016519,-2.3105840162322755,-3.381726095915194,8,12
2025-10-30,626.05,4.0,0.548766128480807,-2.819263637089686,-1.0861752256209445,8,12
2025-10-31,629.07,4.0,0.6507364367681957,-3.2126790341297506,-1.8916813709126346,8,20
2025-11-03,632.08,4.0,0.6418871587287059,-4.496266295405659,-1.5947348436906816,8,20
2025-11-04,619.25,4.0,0.6469448391602985,-3.70448122729109,0.6895438029874912,8,20
2025-11-05,623.28,5.0,0.6431148983547664,-3.7559363367988707,-0.0545501219355482,5,20
2025-11-06,611.67,5.0,0.6511607772401341,-4.250658034561116,2.257753363741899,5,20
2025-11-07,609.74,6.0,0.6119583989778405,-3.22596516548036,2.3846229540459785,2,16
2025-11-10,623.23,6.0,0.6169340182690386,-2.899411132326757,0.29202702052211205,2,16
2025-11-11,621.57,6.0,0.6455841166811472,-2.0399954952780908,0.9717328699905048,2,20
2025-11-12,621.08,6.0,0.6880091969756952,-1.0964771043987964,0.724544342113731,2,20
2025-11-13,608.4,6.0,0.611966554615914,1.7833662064431266,0.8579881656804789,2,16
2025-11-14,608.86,7.0,0.5756794245923654,1.3648457773543843,0.27592550011497075,0,16
2025-11-17,603.66,6.0,0.5102174987767899,3.0381340489679776,1.340158367292843,2,7
2025-11-18,596.31,7.0,0.43674579827237325,4.563062836444143,0.6875618386409821,0,3
2025-11-19,599.87,8.0,0.4405048642895522,3.8458332638738435,1.5403337389767735,0,3
2025-11-20,585.67,8.0,0.4133445754966363,6.797343213755203,5.357966090119004,0,0
2025-11-21,590.07,8.0,0.4311931469630246,5.7976172318538355,4.938397139322448,0,3
2025-11-24,605.16,8.0,0.44180554251051357,3.2867340868530714,2.800912155463031,0,3
2025-11-25,608.89,8.0,0.4985993725145321,3.074446944439879,2.4700684852764887,0,7
2025-11-26,614.27,8.0,0.4968024430428805,1.8412098914158292,1.5660865743077235,0,7
2025-11-28,619.25,7.0,0.5449718257738135,-0.9091643116673431,0.26160678239806057,0,12
2025-12-01,617.17,7.0,0.5202040484993447,-1.0742583080836754,0.3661875982306384,0,12
2025-12-02,622.0,7.0,0.5172029887461788,-1.6479099678456621,-1.2363344051447012,0,7
2025-12-03,623.52,7.0,0.5371291486254217,-3.7063767000256598,-1.667949704901206,0,12
2025-12-04,622.94,7.0,0.5371483929295496,-2.2201175073040758,-0.794619064436386,0,12
2025-12-05,625.48,7.0,0.6065280510052627,-1.347764916544103,-0.32934706145680837,0,16
2025-12-08,624.28,6.0,0.5914297721900207,-0.8121355801883667,-0.04164797847119317,2,16
2025-12-09,625.05,6.0,0.6256538022616185,-0.4703623710103133,-0.7327413806895278,2,20
2025-12-10,627.61,6.0,0.7119069004525456,-0.5863513965679412,-0.15296123388729432,2,20
2025-12-11,625.58,5.0,0.6797586430709703,-0.27014930144826366,0.25416413568206675,5,20
2025-12-12,613.62,5.0,0.7131652151269571,1.1815129884945152,2.056647436524228,5,20
2025-12-15,610.54,5.0,0.623351797981682,1.4560880531988118,1.4757427850754956,5,20
2025-12-16,611.75,5.0,0.5656763040426898,0.4184715978749365,1.639558643236616,5,12
2025-12-17,600.41,6.0,0.48088763733174517,2.1168867940240865,3.472627038190579,2,7
2025-12-18,609.11,7.0,0.4999691422869319,1.4578647534928102,-0.172382656663006,0,7
2025-12-19,617.05,7.0,0.5219710143969215,1.0323312535450935,-0.12478729438456515,0,12
2025-12-22,619.21,6.0,0.5732508815770871,0.7767962403707918,0.2503189547972351,2,16
2025-12-23,622.11,6.0,0.5708889207047874,-0.26361897413640367,0.0980533989165977,2,16
2025-12-24,623.93,5.0,0.5609528680256698,0.4359463401343078,0.24521981632557033,5,12
2025-12-26,623.89,4.0,0.5407410620189846,0.5257337030566189,1.1604609786981746,8,12
2025-12-29,620.87,4.0,0.48341603293934693,0.864915360703522,1.9891442653051428,8,7
2025-12-30,619.43,3.0,0.4884751413396521,0.019372649048321477,1.6143874206932196,11,7
2025-12-31,614.31,3.0,0.4646741314880431,1.215998437271093,1.230649020852681,11,3
2026-01-02,613.12,3.0,0.43614049420516876,1.327635699373686,2.1235647181628403,11,3
2026-01-05,617.99,3.0,0.4586573253399728,-1.6068221168627383,-0.2378679266654804,11,3
2026-01-06,623.42,3.0,0.5374424566168885,-1.1452953065349214,-2.8343652754162507,11,12
2026-01-07,624.02,3.0,0.5674965263247226,-0.5224191532322675,-4.325181885195983,11,12
2026-01-08,620.47,3.0,0.5565482741539068,0.36262833013682716,-1.7438393475913472,11,12
2026-01-09,626.65,3.0,0.6478969617229597,-0.18989866751774054,-1.9676055214234323,11,20
2026-01-12,627.17,3.0,0.6294935500852247,0.6314077522840744,-2.503308512843394,11,20
2026-01-13,626.24,3.0,0.5436055495975248,1.1145886561062968,-2.0966402657128236,11,12
2026-01-14,619.55,3.0,0.4577561921082498,1.5947058348801502,-3.0522153175691957,11,3
2026-01-15,621.78,4.0,0.46605991518661405,0.014474573000100577,-3.1940557753546317,8,3
2026-01-16,621.26,4.0,0.4116217557161837,0.7855004346006389,-3.212825548079712,8,0
2026-01-20,608.06,4.0,0.3848623242584047,1.391310068085394,-0.37331842252409375,8,0
2026-01-21,616.28,5.0,0.4668066001805436,-1.708638930356332,-2.0786006360745013,5,3
2026-01-22,620.76,4.0,0.5157920625854473,-3.8227334235453325,-1.925059604355961,8,7
2026-01-23,622.72,4.0,0.5702194922889751,-2.098856628982537,-3.422083761562189,8,16
2026-01-26,625.46,3.0,0.5895387587481868,-1.7810891184088518,-2.812330125027984,11,16
2026-01-27,631.13,2.0,0.5844574190141907,-3.115047613011579,-2.2895441509673153,14,16
2026-01-28,633.22,2.0,0.5531071278938109,-3.175831464577872,-3.786993461987942,14,12
2026-01-29,629.43,2.0,0.5152071019076641,-4.573979632365788,-3.5174681855011714,14,7
2026-01-30,621.87,2.0,0.5019985814972948,-3.208065994500464,-2.2158972132439225,14,7
2026-02-02,626.14,3.0,0.5016353922385529,-3.967163893059067,-3.9224454594818936,11,7
2026-02-03,616.52,3.0,0.4341592239844691,-1.7404139362875548,-0.9358982676961003,11,3
2026-02-04,605.75,4.0,0.42158573091714535,-0.3763929013619438,0.5216673545191952,8,3
2026-02-05,597.03,5.0,0.41491245540760097,1.9731001792204772,0.45558849639046883,5,0
2026-02-06,609.65,6.0,0.4239440117825779,-1.3515951775608936,-0.31001394242597957,2,3
2026-02-09,614.32,6.0,0.48304759812449777,-1.0499413986196138,-1.0662195598385327,2,7
2026-02-10,611.47,6.0,0.49935877676959906,0.8520450717124151,-0.6181824128738911,2,7
2026-02-11,613.11,6.0,0.4464901917820379,-0.6312081029505312,-2.585180473324533,2,3
2026-02-12,600.64,6.0,0.3762727301805007,1.1071523708044761,-1.1521044219499177,2,0
2026-02-13,601.92,7.0,0.3924091658271384,1.0250531632110649,-0.25584795321637044,0,0
2026-02-17,601.3,7.0,0.37682601439082886,0.04656577415600438,0.3342757359055426,0,0
2026-02-18,605.79,7.0,0.3882159201043459,0.81876557883096,-1.7976526519090763,0,0
2026-02-19,603.47,7.0,0.3656322524789244,0.9014532619682658,-1.7316519462442281,0,0
2026-02-20,608.81,7.0,0.439481855106355,-1.4881490120070229,-4.3938174471510045,0,3
2026-02-23,601.41,6.0,0.44191402060406004,1.0558520809431204,-2.2297600638499504,2,3
2026-02-24,607.87,7.0,0.4420358566790436,-0.016450885880203714,-3.9301166367808893,0,3
2026-02-25,616.68,7.0,0.5059961557122432,-1.4578063177012268,-4.679898812998617,0,7
2026-02-26,609.24,6.0,0.5102853077097381,-1.9663843477119025,-5.818724968813616,2,7
2026-02-27,607.29,6.0,0.5221614145883956,-2.2345172816940706,-7.362215745360523,2,12
2026-03-02,608.09,7.0,0.5212088551143143,-1.2679044220427982,-8.191221694157125,0,12
2026-03-03,601.58,7.0,0.44761968563017124,0.28757604973568274,-4.055985903786707,0,3
2026-03-04,610.75,8.0,0.5065486203331235,-2.5951698731068396,-4.329103561195257,0,7
2026-03-05,608.91,8.0,0.46878955498905495,-2.6095810546714615,-3.9299732308551216,0,3
2026-03-06,599.75,9.0,0.4714151201909834,-2.9495623176323593,-1.875781575656521,0,7
2026-03-09,607.76,10.0,0.47810004887316493,-3.2512834013426306,-3.1542056074766234,0,7
2026-03-10,607.77,9.0,0.47181716243226074,-3.914309689520701,-0.27642035638481,0,7
2026-03-11,607.69,9.0,0.41565936441381446,-3.269759252250326,0.4113939673188627,0,0
2026-03-12,597.26,8.0,0.4052384706938578,-3.9296118943173863,2.3122258312962662,0,0
2026-03-13,593.72,8.0,0.33568877659472185,-5.24489658424846,3.986727750454744,0,0
2026-03-16,600.38,8.0,0.3935676933318153,-7.0122255904593755,4.70035644092075,0,0
2026-03-17,603.31,8.0,0.39493198809606994,-4.331106727884504,5.650494770516001,0,0
2026-03-18,594.9,8.0,0.3446029248731698,-1.780131114473027,7.660110943015641,0,0
2026-03-19,593.02,8.0,0.34192858544746674,-1.3557721493372865,9.41452227580859,0,0
2026-03-20,582.06,9.0,0.3279907548996,1.1064151462048644,11.120846648111883,0,0
2026-03-23,588.0,9.0,0.3439107136092787,0.10034013605442205,9.579931972789124,0,0
2026-03-24,583.98,9.0,0.3503105715896283,3.7860885646768816,12.180211651083939,0,0
2026-03-25,587.82,10.0,0.3505641596543278,3.8055867442414293,10.81963866489739,0,0
2026-03-26,573.79,10.0,0.35306736764848984,6.497150525453588,15.7008661705502,0,0
2026-03-27,562.58,11.0,0.35315561146988206,9.742614383732073,18.06854136300615,0,0
2026-03-30,558.28,12.0,0.2792668877630677,12.595830049437563,17.78140001432973,0,0
2026-03-31,577.18,12.0,0.3384749530789149,10.4334869538099,14.62108874181367,0,0
2026-04-01,584.31,12.0,0.3985364544252255,9.611336448118312,14.278379627252669,0,0
2026-04-02,584.98,12.0,0.4535057062922432,10.918321993914315,15.243256179698438,0,3
2026-04-06,588.5,12.0,0.49828788673802155,9.904842820730675,14.338147833474935,0,7
2026-04-07,588.59,11.0,0.4960621982716952,9.470089536009784,15.80387026622947,0,7
2026-04-08,606.09,11.0,0.5005164470205092,8.087907736474786,14.796482370605023,0,7
2026-04-09,610.19,10.0,0.5472037872533329,6.756911781576225,13.889116504695265,0,12
2026-04-10,611.07,10.0,0.5868136344406206,8.642217749194025,16.390920843765855,0,16
2026-04-13,617.39,9.0,0.670648784426525,7.58677659178153,15.533131408024104,0,20
2026-04-14,628.6,8.0,0.653247009438643,4.605472478523698,12.510340439070955,0,20
2026-04-15,637.4,8.0,0.7203415221392666,3.7919673674301935,12.128961405710715,0,20
2026-04-16,640.47,8.0,0.7121247568114905,4.257810670289008,12.384655018970436,0,20
2026-04-17,648.85,8.0,0.7955093318749779,3.899206288048074,9.259459042922092,0,20
2026-04-20,646.79,7.0,0.8411190138714196,4.033766755824919,9.135887209575365,0,20
2026-04-21,644.33,6.0,0.8749968593389561,5.785855074263191,8.877443126484085,2,20
2026-04-22,655.11,6.0,0.8618560906731647,6.20659125948313,8.859584560465027,2,20
2026-04-23,651.42,6.0,0.7912543378446231,6.680789659513087,9.684997354337455,2,20
2026-04-24,663.88,6.0,0.7872633262317231,7.132313068626872,8.082782735937787,2,20
2026-04-27,664.23,5.0,0.7860656604477599,7.385995814702739,9.334113254256815,5,20
2026-04-28,657.55,4.0,0.7261762609295089,7.556839784046843,10.934531550000948,8,20
2026-04-29,661.57,4.0,0.6786442985177327,8.032407757304583,11.190044225998363,8,20
2026-04-30,667.74,3.0,0.6816630312528916,7.794950130290235,10.568484373946996,11,20
2026-05-01,674.15,3.0,0.713690208597686,5.159089223466573,10.174293554846848,11,20
2026-05-04,672.88,2.0,0.6507661102470288,4.904292724232029,10.890500535013658,14,20
2026-05-05,681.61,1.0,0.6404924177749916,2.9224966325134494,9.184137556667316,17,20
2026-05-06,695.77,0.0,0.6360662466619135,2.497955418322517,6.444658435977413,20,20
2026-05-07,694.94,0.0,0.5648779024040045,2.816071857372582,1.4562408265461624,20,12
2026-05-08,711.23,0.0,0.553902361741694,0.887192332627107,0.6805112270292346,20,12
2026-05-11,713.29,0.0,0.6161351855409334,1.8141261574885492,-0.765467061083136,20,16
2026-05-12,707.24,0.0,0.615403322378968,3.140378401537136,-1.915898422034945,20,16
2026-05-13,714.71,0.0,0.6166852923871851,2.922860402951888,0.33719970337620087,20,16
2026-05-14,719.79,0.0,0.6866100842685637,2.572972333401924,0.2153405854485424,20,20
